-- phpMyAdmin SQL Dump
-- version 4.8.3
-- https://www.phpmyadmin.net/
--
-- Host: localhost:3306
-- Generation Time: Sep 26, 2019 at 04:01 AM
-- Server version: 5.6.41-84.1
-- PHP Version: 7.2.7

SET SQL_MODE = "NO_AUTO_VALUE_ON_ZERO";
SET AUTOCOMMIT = 0;
START TRANSACTION;
SET time_zone = "+00:00";


/*!40101 SET @OLD_CHARACTER_SET_CLIENT=@@CHARACTER_SET_CLIENT */;
/*!40101 SET @OLD_CHARACTER_SET_RESULTS=@@CHARACTER_SET_RESULTS */;
/*!40101 SET @OLD_COLLATION_CONNECTION=@@COLLATION_CONNECTION */;
/*!40101 SET NAMES utf8mb4 */;

--
-- Database: `dhosttw1_supr5va_moto365`
--

-- --------------------------------------------------------

--
-- Table structure for table `all_installment`
--

CREATE TABLE `all_installment` (
  `all_installment_id` int(11) NOT NULL,
  `sells_log_id` int(11) NOT NULL,
  `date` date NOT NULL,
  `amount` double NOT NULL,
  `status` int(11) DEFAULT '1'
) ENGINE=InnoDB DEFAULT CHARSET=latin1;

--
-- Dumping data for table `all_installment`
--

INSERT INTO `all_installment` (`all_installment_id`, `sells_log_id`, `date`, `amount`, `status`) VALUES
(1, 1, '2006-10-20', 7966, 1),
(2, 2, '2006-10-12', 19113, 1),
(3, 3, '2006-10-27', 6775, 1),
(4, 4, '2006-10-29', 29995, 1),
(5, 5, '2006-10-29', 45864, 1),
(6, 6, '2007-08-02', 23425, 1),
(7, 11, '2007-12-18', 2788, 1),
(8, 12, '2007-12-26', 7288, 1),
(9, 13, '2008-01-08', 11838, 1),
(10, 14, '2008-01-30', 1913, 1),
(11, 17, '2008-07-10', 6913, 1),
(12, 18, '2008-10-25', 5500, 1),
(13, 21, '2008-12-25', 1505, 1),
(14, 23, '2009-02-19', 2322, 1),
(15, 2009001, '2009-06-07', 10000, 1),
(16, 2009010, '2009-10-01', 2505, 1),
(17, 2009020, '2009-10-19', 5000, 1),
(18, 2009039, '2009-11-29', 3195, 1),
(19, 2009044, '2009-12-09', 2670, 1),
(20, 2009023, '2009-11-01', 2000, 1),
(21, 2009069, '2010-01-02', 3270, 1),
(22, 20100115, '2010-12-16', 7632, 1),
(23, 20100118, '2010-02-28', 5000, 1),
(24, 2010031, '2010-10-09', 33885, 1),
(25, 20100141, '2011-01-07', 1078, 1),
(26, 2010013, '2010-09-08', 1000, 1),
(27, 20100142, '2010-12-16', 7632, 1),
(28, 20100177, '2010-11-23', 6122, 1),
(29, 20110247, '2011-12-16', 11977, 1),
(30, 20120671, '2012-11-14', 3070, 1),
(31, 201502970, '2015-06-15', 3448, 1),
(32, 201502980, '2015-06-18', 11519, 1),
(33, 201502981, '2015-06-18', 26071, 1),
(34, 201502985, '2015-06-19', 5796, 1),
(35, 201502989, '2015-06-21', 27784, 1),
(36, 20153078, '2015-10-20', 8850, 1),
(37, 20153079, '2015-10-23', 9935, 1),
(38, 20153087, '2015-10-30', 16742, 1),
(39, 20153095, '2015-11-03', 4360, 1),
(40, 2015027, '2015-11-21', 2500, 1),
(41, 2015082, '2015-12-07', 6247, 1),
(42, 20150149, '2015-12-19', 8110, 1),
(43, 20150182, '2015-12-26', 17885, 1),
(44, 20150227, '2016-01-06', 14288, 1),
(45, 20150333, '2016-02-14', 2090, 1),
(46, 20150437, '2016-04-09', 3045, 1),
(47, 20160482, '2016-04-29', 18692, 1),
(48, 20160516, '2016-05-18', 10346, 1),
(49, 20160548, '2016-06-15', 9537, 1),
(50, 20160621, '2016-07-15', 13570, 1),
(51, 20160641, '2016-07-22', 8230, 1),
(52, 20160672, '2016-08-17', 6565, 1),
(53, 20160706, '2016-09-10', 92000, 1),
(54, 20160716, '2016-09-13', 23201, 1),
(55, 201502990, '2019-10-11', 23201, 1),
(56, 20160717, '2016-09-13', 70238, 1),
(57, 20160787, '2016-10-12', 41500, 1),
(58, 20160879, '2016-11-20', 67000, 1),
(59, 20160925, '2016-12-03', 14960, 1),
(60, 20161085, '2017-01-10', 38040, 1),
(61, 20171278, '2017-02-28', 7000, 1),
(62, 20171307, '2017-03-09', 23230, 1),
(63, 20171377, '2017-03-27', 1500, 1),
(64, 20171390, '2017-04-04', 5000, 1),
(65, 20171504, '2017-05-12', 1000, 1),
(66, 20171523, '2017-05-18', 129500, 1),
(67, 20171776, '2017-09-30', 10000, 1),
(68, 20171835, '2017-10-25', 4575, 1),
(69, 20171890, '2017-11-19', 132500, 1),
(70, 20172006, '2017-12-16', 52500, 1),
(71, 20172055, '2017-12-30', 21831, 1),
(72, 20172061, '2018-01-02', 2358, 1),
(73, 20172096, '2018-01-12', 3635, 1),
(74, 20172118, '2018-01-18', 5500, 1),
(75, 20172170, '2018-01-29', 3424, 1),
(76, 20182250, '2018-02-22', 5000, 1),
(77, 20182314, '2018-03-10', 2500, 1),
(78, 20182369, '2018-03-20', 17500, 1),
(79, 20182372, '2018-03-22', 8570, 1),
(80, 20182417, '2018-04-05', 7280, 1),
(81, 20182419, '2018-04-05', 4335, 1),
(82, 20182427, '2018-04-08', 2300, 1),
(83, 20182458, '2018-04-13', 10250, 1),
(84, 20182469, '2018-04-15', 26000, 1),
(85, 20182518, '2018-04-29', 60080, 1),
(86, 20182533, '2018-05-01', 2500, 1),
(87, 20182537, '2018-05-03', 3575, 1),
(88, 20182548, '2018-05-05', 4000, 1),
(89, 20182592, '2018-05-19', 3500, 1),
(90, 20182594, '2018-05-20', 18650, 1),
(91, 20182006, '2018-05-23', 5000, 1),
(92, 20182629, '2018-06-01', 5000, 1),
(93, 20182644, '2018-06-12', 3000, 1),
(94, 20182654, '2018-06-14', 5538, 1),
(95, 20182663, '2018-06-17', 11113, 1),
(96, 20182664, '2018-06-17', 11313, 1),
(97, 20182671, '2018-06-19', 3000, 1),
(98, 20182680, '2018-06-23', 10535, 1),
(99, 20182685, '2018-06-24', 9500, 1),
(100, 20182728, '2018-07-05', 11875, 1),
(101, 20182730, '2018-07-06', 5163, 1),
(102, 20182731, '2018-07-06', 18563, 1),
(103, 20182732, '2018-07-06', 54713, 1),
(104, 20182739, '2018-07-07', 22063, 1),
(105, 20182771, '2018-07-11', 3500, 1),
(106, 20182791, '2018-07-13', 3500, 1),
(107, 20182814, '2018-07-15', 11000, 1),
(108, 20182833, '2018-07-23', 5000, 1),
(109, 201502991, '2018-05-07', 6179.64, 1),
(110, 201502991, '2018-06-07', 6179.64, 1),
(111, 201502991, '2018-07-07', 6179.64, 1),
(112, 201502991, '2018-08-07', 6179.64, 1),
(113, 201502991, '2018-09-07', 6179.64, 1),
(114, 201502991, '2018-10-07', 6179.64, 1),
(115, 201502991, '2018-11-07', 6179.64, 1),
(116, 201502991, '2018-12-07', 6179.64, 1),
(117, 201502991, '2019-01-07', 6179.64, 1),
(118, 201502991, '2019-02-07', 6179.64, 1),
(119, 201502991, '2019-03-07', 6179.64, 1),
(120, 201502991, '2019-04-07', 6179.64, 1),
(121, 201502991, '2019-05-07', 6179.64, 1),
(122, 201502991, '2019-06-07', 6179.64, 1),
(123, 20100106, '2010-02-11', 15587, 1),
(124, 20100119, '2010-02-28', 15040, 1),
(125, 20182860, '2018-08-04', 33115, 1),
(126, 20182890, '2018-08-16', 27145, 1),
(127, 20182891, '2018-08-16', 11145, 1),
(128, 20182911, '2019-10-20', 16550, 1),
(129, 20182940, '2019-10-20', 7663, 1),
(130, 20182948, '2019-10-20', 64628, 1),
(131, 20182950, '2018-09-07', 22193, 1),
(132, 20182957, '2018-09-10', 8613, 1),
(133, 20182969, '2018-09-14', 16313, 1),
(134, 20182986, '2018-09-19', 12313, 1),
(135, 20183010, '2018-09-21', 17293, 1),
(136, 20183011, '2018-09-21', 1650, 1),
(137, 20183025, '2018-09-26', 15725, 1),
(138, 20183034, '2018-09-28', 1650, 1),
(139, 20183037, '2018-09-28', 4275, 1),
(140, 20183050, '2018-09-30', 10385, 1),
(141, 20183053, '2018-09-30', 21000, 1),
(142, 20183103, '2018-10-11', 6613, 1),
(143, 20183108, '2018-10-13', 7900, 1),
(144, 20183147, '2019-10-20', 15090, 1),
(145, 20183213, '2018-11-04', 15775, 1),
(146, 20183216, '2019-10-20', 61560, 1),
(147, 20183290, '2018-11-14', 10240, 1),
(148, 20183310, '2018-11-10', 11600, 1),
(149, 20183316, '2018-11-17', 10775, 1),
(150, 20183352, '2018-11-20', 12280, 1),
(151, 20183377, '2018-11-22', 11135, 1),
(152, 20183414, '2018-11-25', 17898, 1),
(153, 20183430, '2018-11-27', 37328, 1),
(154, 20183431, '2019-10-20', 37328, 1),
(155, 20183453, '2018-11-30', 5388, 1),
(156, 20183496, '2018-12-05', 30775, 1),
(157, 20183504, '2018-12-05', 61775, 1),
(158, 20183510, '2018-12-06', 13825, 1),
(159, 20183552, '2019-10-20', 9648, 1),
(160, 20183574, '2018-12-18', 9148, 1),
(161, 20183576, '2018-12-18', 16435, 1),
(162, 20183584, '2018-12-20', 3836, 1),
(163, 20183654, '2018-12-29', 37175, 1),
(164, 20183662, '2018-12-29', 4998, 1),
(165, 20183704, '2019-01-04', 39500, 1),
(166, 20183732, '2019-01-08', 2449, 1),
(167, 20183741, '2019-01-09', 54773, 1),
(168, 20183751, '2019-01-11', 9500, 1),
(169, 20183757, '2019-01-13', 11892, 1),
(170, 20183786, '2019-01-17', 7587, 1),
(171, 20183790, '2019-01-17', 20892, 1),
(172, 20183802, '2019-01-19', 10662, 1),
(173, 20193848, '2019-02-03', 7017, 1),
(174, 20193858, '2019-02-06', 5100, 1),
(175, 20193874, '2019-02-09', 30195, 1),
(176, 20193905, '2019-02-19', 10049, 1),
(177, 201502992, '2019-02-20', 10640, 1),
(178, 20193924, '2019-02-12', 8848, 1),
(179, 20193937, '2019-02-27', 59248, 1),
(180, 20193939, '2019-02-28', 8350.64, 0),
(181, 20193939, '2019-03-28', 8350.64, 0),
(182, 20193939, '2019-04-28', 8350.64, 0),
(183, 20193939, '2019-05-28', 8350.64, 1),
(184, 20193939, '2019-06-28', 8350.64, 1),
(185, 20193939, '2019-07-28', 8350.64, 1),
(186, 20193939, '2019-08-28', 8350.64, 1),
(187, 20193951, '2019-02-28', 9610.17, 0),
(188, 20193951, '2019-03-31', 9610.17, 0),
(189, 20193951, '2019-04-30', 9610.17, 1),
(190, 20193951, '2019-05-31', 9610.17, 1),
(191, 20193951, '2019-06-30', 9610.17, 1),
(192, 20193951, '2019-07-31', 9610.17, 1),
(193, 20194039, '2019-10-26', 9610.17, 1),
(194, 20194039, '2019-11-26', 9610.17, 1),
(195, 20194039, '2019-12-26', 9610.17, 1),
(196, 20194039, '2020-01-26', 9610.17, 1),
(197, 20194039, '2020-02-26', 9610.17, 1),
(198, 20194039, '2020-03-26', 9610.17, 1),
(199, 20193953, '2019-03-01', 58455, 1);

-- --------------------------------------------------------

--
-- Table structure for table `bank_book`
--

CREATE TABLE `bank_book` (
  `bb_id` int(11) NOT NULL,
  `ledger_id` int(11) NOT NULL,
  `ledger_type` varchar(30) NOT NULL,
  `transaction_id` int(100) NOT NULL,
  `bank_id` int(11) NOT NULL,
  `card_id` int(3) NOT NULL,
  `transaction_type` varchar(3) NOT NULL,
  `bank_name` int(11) NOT NULL,
  `cheque_no` varchar(30) NOT NULL,
  `cheque_date` date NOT NULL,
  `amount` float NOT NULL,
  `date` date NOT NULL,
  `status` varchar(10) NOT NULL,
  `creator` int(8) NOT NULL,
  `doc` date NOT NULL,
  `dom` date NOT NULL,
  `date_time` timestamp NOT NULL DEFAULT CURRENT_TIMESTAMP ON UPDATE CURRENT_TIMESTAMP
) ENGINE=InnoDB DEFAULT CHARSET=latin1;

-- --------------------------------------------------------

--
-- Table structure for table `bank_book_info`
--

CREATE TABLE `bank_book_info` (
  `bank_book_id` int(20) NOT NULL,
  `shop_id` int(10) NOT NULL,
  `bank_id` int(20) NOT NULL,
  `transaction_type` varchar(20) NOT NULL,
  `amount` double NOT NULL,
  `bank_book_doc` date NOT NULL,
  `bank_book_dom` date NOT NULL,
  `bank_book_creator` int(20) NOT NULL,
  `payment_mode` varchar(50) NOT NULL,
  `reference_id` int(25) NOT NULL
) ENGINE=InnoDB DEFAULT CHARSET=latin1;

-- --------------------------------------------------------

--
-- Table structure for table `bank_card_info`
--

CREATE TABLE `bank_card_info` (
  `card_id` int(11) NOT NULL,
  `bank_id` int(4) NOT NULL,
  `card_name` varchar(20) NOT NULL,
  `status` tinyint(8) NOT NULL,
  `creator` int(4) NOT NULL,
  `doc` timestamp NOT NULL DEFAULT CURRENT_TIMESTAMP,
  `dom` timestamp NOT NULL DEFAULT '0000-00-00 00:00:00' ON UPDATE CURRENT_TIMESTAMP
) ENGINE=InnoDB DEFAULT CHARSET=latin1;

-- --------------------------------------------------------

--
-- Table structure for table `bank_info`
--

CREATE TABLE `bank_info` (
  `bank_id` int(50) NOT NULL,
  `shop_id` int(10) NOT NULL,
  `bank_name` varchar(250) NOT NULL,
  `bank_account_no` varchar(100) NOT NULL,
  `bank_account_name` varchar(250) NOT NULL,
  `bank_description` text,
  `card_account` varchar(2) DEFAULT NULL,
  `bank_status` varchar(50) NOT NULL,
  `bank_creator` int(20) NOT NULL,
  `bank_doc` timestamp NOT NULL DEFAULT CURRENT_TIMESTAMP,
  `bank_dom` timestamp NOT NULL DEFAULT '0000-00-00 00:00:00' ON UPDATE CURRENT_TIMESTAMP
) ENGINE=InnoDB DEFAULT CHARSET=latin1;

-- --------------------------------------------------------

--
-- Table structure for table `barcode_print`
--

CREATE TABLE `barcode_print` (
  `print_id` int(11) NOT NULL,
  `product_id` int(5) NOT NULL,
  `purchase_quantity` float NOT NULL,
  `barcode` varchar(250) NOT NULL,
  `product_name` varchar(250) NOT NULL,
  `pro_specification` varchar(12) NOT NULL,
  `product_price` varchar(8) NOT NULL,
  `general_price` varchar(8) NOT NULL,
  `print_doc` date NOT NULL
) ENGINE=InnoDB DEFAULT CHARSET=latin1;

-- --------------------------------------------------------

--
-- Table structure for table `bulk_sale_temp`
--

CREATE TABLE `bulk_sale_temp` (
  `bulk_sale_creator` int(15) DEFAULT NULL,
  `product_id` int(15) DEFAULT NULL,
  `bulk_sale_quantity` int(15) DEFAULT NULL,
  `unit_sale_price` double DEFAULT NULL,
  `unit_buy_price` double NOT NULL
) ENGINE=InnoDB DEFAULT CHARSET=latin1;

-- --------------------------------------------------------

--
-- Table structure for table `bulk_stock_info`
--

CREATE TABLE `bulk_stock_info` (
  `bulk_id` int(30) NOT NULL,
  `stock_amount` float NOT NULL,
  `product_id` int(30) NOT NULL,
  `shop_id` int(3) NOT NULL,
  `bulk_unit_buy_price` float NOT NULL,
  `bulk_unit_sale_price` float NOT NULL,
  `general_unit_sale_price` float NOT NULL,
  `bulk_alarming_stock` float NOT NULL,
  `last_buy_price` float NOT NULL,
  `warranty_period` int(3) NOT NULL,
  `product_specification` int(1) NOT NULL,
  `stock_date` date NOT NULL,
  `stock_doc` timestamp NOT NULL DEFAULT CURRENT_TIMESTAMP,
  `stock_dom` timestamp NOT NULL DEFAULT '0000-00-00 00:00:00' ON UPDATE CURRENT_TIMESTAMP
) ENGINE=InnoDB DEFAULT CHARSET=latin1;

--
-- Dumping data for table `bulk_stock_info`
--

INSERT INTO `bulk_stock_info` (`bulk_id`, `stock_amount`, `product_id`, `shop_id`, `bulk_unit_buy_price`, `bulk_unit_sale_price`, `general_unit_sale_price`, `bulk_alarming_stock`, `last_buy_price`, `warranty_period`, `product_specification`, `stock_date`, `stock_doc`, `stock_dom`) VALUES
(1, 0, 12, 1, 2322, 2322, 2322, 100, 2322, 0, 1, '0000-00-00', '2019-09-08 06:00:00', '2019-09-09 06:19:50'),
(2, 0, 9, 1, 4998, 4998, 4998, 100, 4998, 0, 1, '0000-00-00', '2019-09-09 06:00:00', '2019-09-20 09:40:24'),
(3, 0, 8, 1, 3635, 3635, 3635, 100, 3635, 0, 1, '0000-00-00', '2019-09-09 06:00:00', '2019-09-12 08:37:18'),
(4, 0, 4, 1, 4900, 4900, 4900, 100, 4900, 0, 1, '0000-00-00', '2019-09-09 06:00:00', '2019-09-26 05:03:16'),
(5, 0, 7, 1, 9500, 9500, 9500, 100, 9500, 0, 1, '0000-00-00', '2019-09-10 06:00:00', '2019-09-20 09:57:18'),
(6, 0, 13, 1, 41500, 41500, 41500, 100, 41500, 0, 1, '0000-00-00', '2019-09-11 06:00:00', '2019-09-11 11:36:09'),
(7, 0, 14, 1, 23230, 23230, 23230, 100, 23230, 0, 1, '0000-00-00', '2019-09-12 06:00:00', '2019-09-12 04:15:28'),
(8, 0, 15, 1, 6500, 6500, 6500, 100, 6500, 0, 1, '0000-00-00', '2019-09-12 06:00:00', '2019-09-20 05:39:05'),
(9, 4, 16, 1, 70834, 70834, 70834, 100, 47900, 0, 1, '0000-00-00', '2019-09-12 06:00:00', '2019-09-26 10:00:18'),
(10, 0, 17, 1, 5900, 5900, 5900, 100, 5900, 0, 1, '0000-00-00', '2019-09-12 06:00:00', '2019-09-20 08:00:13'),
(11, 0, 18, 1, 2500, 2500, 2500, 100, 2500, 0, 1, '0000-00-00', '2019-09-12 06:00:00', '2019-09-12 09:08:30'),
(12, 0, 6, 1, 3500, 3500, 3500, 100, 3500, 0, 1, '0000-00-00', '2019-09-14 06:00:00', '2019-09-14 05:26:26'),
(13, 0, 19, 1, 15587, 15587, 15587, 100, 15587, 0, 1, '0000-00-00', '2019-09-19 06:00:00', '2019-09-19 08:26:30'),
(14, 0, 20, 1, 15040, 15040, 15040, 100, 15040, 0, 1, '0000-00-00', '2019-09-19 06:00:00', '2019-09-19 08:33:45'),
(15, 0, 1, 1, 29500, 29500, 29500, 100, 29500, 0, 1, '0000-00-00', '2019-09-20 06:00:00', '2019-09-20 06:01:29'),
(16, 0, 10, 1, 0, 0, 0, 100, 0, 0, 1, '0000-00-00', '2019-09-20 06:00:00', '2019-09-20 07:57:16'),
(17, 0, 2, 1, 19500, 19500, 19500, 100, 19500, 0, 1, '0000-00-00', '2019-09-20 06:00:00', '2019-09-20 09:28:37'),
(18, 0, 5, 1, 54773, 54773, 54773, 100, 54773, 0, 1, '0000-00-00', '2019-09-20 06:00:00', '2019-09-20 09:54:35'),
(19, 1, 11, 1, 10640, 10640, 10640, 100, 10640, 0, 1, '0000-00-00', '2019-09-26 06:00:00', '2019-09-26 05:52:31');

-- --------------------------------------------------------

--
-- Table structure for table `cash_book`
--

CREATE TABLE `cash_book` (
  `cb_id` int(11) NOT NULL,
  `transaction_id` int(100) NOT NULL,
  `transaction_type` varchar(3) NOT NULL,
  `amount` double NOT NULL,
  `date` date NOT NULL,
  `status` varchar(10) NOT NULL,
  `creator` int(8) NOT NULL,
  `doc` timestamp NOT NULL DEFAULT CURRENT_TIMESTAMP,
  `dom` timestamp NOT NULL DEFAULT '0000-00-00 00:00:00' ON UPDATE CURRENT_TIMESTAMP
) ENGINE=InnoDB DEFAULT CHARSET=latin1;

--
-- Dumping data for table `cash_book`
--

INSERT INTO `cash_book` (`cb_id`, `transaction_id`, `transaction_type`, `amount`, `date`, `status`, `creator`, `doc`, `dom`) VALUES
(1, 119, 'in', 40000, '2018-04-07', 'active', 12, '2019-09-16 05:46:29', '0000-00-00 00:00:00'),
(2, 221, 'in', 50000, '2019-01-28', 'active', 12, '2019-09-26 08:47:21', '0000-00-00 00:00:00'),
(3, 225, 'in', 7557.14, '2019-09-26', 'active', 12, '2019-09-26 08:49:27', '0000-00-00 00:00:00'),
(4, 226, 'in', 793.5, '2019-09-26', 'active', 12, '2019-09-26 08:49:27', '0000-00-00 00:00:00'),
(5, 227, 'in', 7557.14, '2019-09-26', 'active', 12, '2019-09-26 08:50:29', '0000-00-00 00:00:00'),
(6, 228, 'in', 793.5, '2019-09-26', 'active', 12, '2019-09-26 08:50:29', '0000-00-00 00:00:00'),
(7, 229, 'in', 7506.5, '2019-09-26', 'active', 12, '2019-09-26 08:51:22', '0000-00-00 00:00:00'),
(8, 230, 'in', 793.5, '2019-09-26', 'active', 12, '2019-09-26 08:51:22', '0000-00-00 00:00:00'),
(9, 231, 'in', 50000, '2019-01-31', 'active', 12, '2019-09-26 09:02:20', '0000-00-00 00:00:00'),
(10, 235, 'in', 50000, '2019-09-26', 'active', 12, '2019-09-26 09:22:21', '0000-00-00 00:00:00'),
(11, 239, 'in', 19206.5, '2019-09-26', 'active', 12, '2019-09-26 09:23:45', '0000-00-00 00:00:00'),
(12, 240, 'in', 793.5, '2019-09-26', 'active', 12, '2019-09-26 09:23:45', '0000-00-00 00:00:00'),
(13, 241, 'in', 14206.5, '2019-09-26', 'active', 12, '2019-09-26 09:24:25', '0000-00-00 00:00:00'),
(14, 242, 'in', 793.5, '2019-09-26', 'active', 12, '2019-09-26 09:24:25', '0000-00-00 00:00:00');

-- --------------------------------------------------------

--
-- Table structure for table `catagory_info`
--

CREATE TABLE `catagory_info` (
  `catagory_id` int(15) NOT NULL,
  `catagory_name` varchar(250) CHARACTER SET utf8 NOT NULL,
  `catagory_description` varchar(250) CHARACTER SET utf8 DEFAULT NULL,
  `catagory_creator` int(15) NOT NULL,
  `catagory_doc` timestamp NOT NULL DEFAULT CURRENT_TIMESTAMP,
  `catagory_dom` timestamp NOT NULL DEFAULT CURRENT_TIMESTAMP ON UPDATE CURRENT_TIMESTAMP
) ENGINE=InnoDB DEFAULT CHARSET=latin1;

--
-- Dumping data for table `catagory_info`
--

INSERT INTO `catagory_info` (`catagory_id`, `catagory_name`, `catagory_description`, `catagory_creator`, `catagory_doc`, `catagory_dom`) VALUES
(2, 'মোটর সাইকেল', 'মোটর সাইকেল', 12, '2019-09-08 09:38:29', '2019-09-08 09:53:19');

-- --------------------------------------------------------

--
-- Table structure for table `cheque_info`
--

CREATE TABLE `cheque_info` (
  `cheque_id` int(50) NOT NULL,
  `shop_id` int(10) NOT NULL,
  `cheque_no` varchar(250) NOT NULL,
  `cheque_bank_name` varchar(250) NOT NULL,
  `cheque_account_name` varchar(250) NOT NULL,
  `cheque_account_no` int(250) NOT NULL,
  `cheque_activate_date` date NOT NULL,
  `cheque_clear_date` date NOT NULL,
  `cheque_type` varchar(20) NOT NULL,
  `cheque_status` varchar(30) NOT NULL,
  `cheque_amount` double NOT NULL,
  `cheque_date` date NOT NULL,
  `cheque_doc` date NOT NULL,
  `cheque_dom` date NOT NULL,
  `table_creator` int(11) NOT NULL,
  `my_bank` varchar(30) NOT NULL,
  `total_paid` float NOT NULL
) ENGINE=InnoDB DEFAULT CHARSET=latin1;

-- --------------------------------------------------------

--
-- Table structure for table `cheque_reference_info`
--

CREATE TABLE `cheque_reference_info` (
  `cheque_ref_id` int(100) NOT NULL,
  `cheque_ref_purpose` varchar(250) NOT NULL,
  `ref_id` int(100) NOT NULL,
  `cheque_id` int(100) NOT NULL,
  `transaction_table_ref_name` varchar(250) NOT NULL,
  `transaction_table_ref_id_field` varchar(50) NOT NULL,
  `transaction_type` varchar(250) NOT NULL,
  `transaction_amount` float NOT NULL,
  `cheque_ref_doc` date NOT NULL,
  `cheque_ref_dom` date NOT NULL,
  `cheque_ref_creator` int(20) NOT NULL
) ENGINE=InnoDB DEFAULT CHARSET=latin1;

-- --------------------------------------------------------

--
-- Table structure for table `ci_sessions`
--

CREATE TABLE `ci_sessions` (
  `session_id` varchar(40) COLLATE utf8_bin NOT NULL DEFAULT '0',
  `ip_address` varchar(16) COLLATE utf8_bin NOT NULL DEFAULT '0',
  `last_activity` varchar(100) COLLATE utf8_bin NOT NULL,
  `user_agent` varchar(200) COLLATE utf8_bin NOT NULL,
  `timestamp` varchar(16) COLLATE utf8_bin NOT NULL,
  `user_data` text COLLATE utf8_bin NOT NULL
) ENGINE=InnoDB DEFAULT CHARSET=utf8 COLLATE=utf8_bin;

-- --------------------------------------------------------

--
-- Table structure for table `commison_info`
--

CREATE TABLE `commison_info` (
  `com_id` int(11) NOT NULL,
  `com_year` int(5) NOT NULL,
  `com_month` int(2) NOT NULL,
  `com_amount` float NOT NULL,
  `status` int(1) NOT NULL,
  `creator` int(8) NOT NULL,
  `doc` timestamp NOT NULL DEFAULT CURRENT_TIMESTAMP,
  `dom` timestamp NOT NULL DEFAULT CURRENT_TIMESTAMP ON UPDATE CURRENT_TIMESTAMP
) ENGINE=InnoDB DEFAULT CHARSET=latin1;

-- --------------------------------------------------------

--
-- Table structure for table `company_info`
--

CREATE TABLE `company_info` (
  `company_id` int(15) NOT NULL,
  `company_name` varchar(250) NOT NULL,
  `company_address` tinytext NOT NULL,
  `company_contact_no` int(100) NOT NULL,
  `company_email` varchar(250) NOT NULL,
  `company_description` text NOT NULL,
  `company_creator` varchar(250) NOT NULL,
  `company_doc` timestamp NOT NULL DEFAULT CURRENT_TIMESTAMP,
  `company_dom` timestamp NOT NULL DEFAULT '0000-00-00 00:00:00' ON UPDATE CURRENT_TIMESTAMP
) ENGINE=InnoDB DEFAULT CHARSET=latin1;

--
-- Dumping data for table `company_info`
--

INSERT INTO `company_info` (`company_id`, `company_name`, `company_address`, `company_contact_no`, `company_email`, `company_description`, `company_creator`, `company_doc`, `company_dom`) VALUES
(2, 'bAJAJ', 'BAJAJ', 123123213, 'BAJAJ', 'BAJAJ', '12', '2019-09-08 09:39:17', '2019-09-08 09:54:26');

-- --------------------------------------------------------

--
-- Table structure for table `config`
--

CREATE TABLE `config` (
  `id` int(11) NOT NULL,
  `rate` int(11) NOT NULL,
  `freemonth` int(11) NOT NULL,
  `pardayrate` int(11) NOT NULL
) ENGINE=InnoDB DEFAULT CHARSET=latin1;

--
-- Dumping data for table `config`
--

INSERT INTO `config` (`id`, `rate`, `freemonth`, `pardayrate`) VALUES
(1, 18, 0, 8);

-- --------------------------------------------------------

--
-- Table structure for table `customer_info`
--

CREATE TABLE `customer_info` (
  `customer_id` int(100) NOT NULL,
  `customer_name` varchar(250) CHARACTER SET utf8 DEFAULT NULL,
  `user_id` int(11) NOT NULL,
  `customer_define_id` int(20) DEFAULT NULL,
  `customer_contact_no` varchar(250) CHARACTER SET utf8 DEFAULT NULL,
  `customer_type` varchar(250) CHARACTER SET utf16 DEFAULT NULL,
  `customer_email` varchar(250) CHARACTER SET utf8 DEFAULT NULL,
  `father_name` varchar(250) CHARACTER SET utf8 DEFAULT NULL,
  `police_station` text CHARACTER SET utf8 NOT NULL,
  `district` text CHARACTER SET utf8 NOT NULL,
  `village` text CHARACTER SET utf8 NOT NULL,
  `postoffice` text CHARACTER SET utf8 NOT NULL,
  `int_balance` float DEFAULT NULL,
  `customer_creator` varchar(250) CHARACTER SET utf8 NOT NULL,
  `profile` varchar(255) CHARACTER SET utf8 NOT NULL,
  `customer_doc` timestamp NOT NULL DEFAULT CURRENT_TIMESTAMP,
  `customer_dom` timestamp NOT NULL DEFAULT '0000-00-00 00:00:00' ON UPDATE CURRENT_TIMESTAMP
) ENGINE=InnoDB DEFAULT CHARSET=latin1;

--
-- Dumping data for table `customer_info`
--

INSERT INTO `customer_info` (`customer_id`, `customer_name`, `user_id`, `customer_define_id`, `customer_contact_no`, `customer_type`, `customer_email`, `father_name`, `police_station`, `district`, `village`, `postoffice`, `int_balance`, `customer_creator`, `profile`, `customer_doc`, `customer_dom`) VALUES
(1, 'মোঃ দোলা মিয়া', 0, NULL, '01724381592', NULL, '', 'আব্দুল ওয়াহিদ', 'তাহিরপুর', 'সুনামগঞ্জ', 'ধোতমা ', ' তাহিপুর', NULL, '12', '', '2019-09-04 06:55:25', '0000-00-00 00:00:00'),
(2, 'জসিম উদ্দিন বাপ্পি', 0, NULL, '0170000000', NULL, '', 'হাসান আলী', 'বিশ্বম্ভরপুর', 'সুনামগঞ্জ ', 'ভাদেরট্যাক', 'রতারগাঁও', NULL, '12', '', '2019-09-04 06:57:39', '0000-00-00 00:00:00'),
(3, 'দেলোয়ার হোসেন', 0, NULL, '01700000000', NULL, '', 'আব্দুল জব্বার', ' বিশ্বম্ভরপুর', 'সুনামগঞ্জ ', 'ধনপুর', 'চিনাকান্দি', NULL, '12', '', '2019-09-04 06:59:38', '0000-00-00 00:00:00'),
(4, 'মোঃ আইয়ুব আলী', 0, NULL, '01716510393', NULL, '', 'আব্দুল জলিল', 'বিশ্বম্ভরপুর', ' সুনামগঞ্জ ', 'ভাদেরট্যাক', 'রতারগাঁও', NULL, '12', '', '2019-09-04 07:02:33', '2019-09-07 10:41:54'),
(6, 'ফারুক মিয়া', 0, NULL, '01714957177', NULL, '', 'মৃতঃ মিয়াজ আলী', 'বিশ্বম্ভরপুর', 'সুনামগঞ্জ ', 'ছাতারকোনা', 'চিনাকান্দি', NULL, '12', '', '2019-09-04 07:07:38', '0000-00-00 00:00:00'),
(10, 'মোঃ জয়নাল আবেদীন', 0, NULL, '01918584566', NULL, '', 'মৃতঃ সুন্দর আলী', 'তাহিরপুর', 'সুনামগঞ্জ', 'পুরানগাঁও', 'বাদাঘাট', NULL, '12', '', '2019-09-04 07:40:26', '0000-00-00 00:00:00'),
(11, 'দীন ইসলাম', 0, NULL, '01700000000', NULL, '', 'হিমু মিয়া মেম্ভার', 'বিশ্বম্ভরপুর', 'সুনামগঞ্জ ', 'চালবন্দ', 'রতারগাঁও', NULL, '12', '', '2019-09-04 07:16:33', '0000-00-00 00:00:00'),
(12, 'শাহ আলম', 0, NULL, '01718991413', NULL, '', 'মোঃ জুলহাস মিয়া', 'বিশ্বম্ভরপুর', 'সুনামগঞ্জ', 'সিরাজপুর', 'বালিজুরী', NULL, '12', '', '2019-09-04 07:21:34', '0000-00-00 00:00:00'),
(13, 'খায়েশ মিয়া', 0, NULL, '01719351997', NULL, '', 'ইউছুফ আলী', 'বিশ্বম্ভরপুর', 'সুনামগঞ্জ', 'চালবন্দ', 'রতারগাঁও        ', NULL, '12', '', '2019-09-04 07:24:07', '0000-00-00 00:00:00'),
(14, 'হেলাল মিয়া', 0, NULL, '01721229090', NULL, '', 'মুছলিম মিয়া', 'তাহিরপুর', 'সুনামগঞ্জ', 'বড়ছড়া', 'ট্যাকেরঘাট', NULL, '12', '', '2019-09-04 07:25:43', '0000-00-00 00:00:00'),
(17, 'ডাঃ সেলিম উদ্দিন', 0, NULL, '01728301084', NULL, '', 'ডাঃ মকবুল হোসেন', 'বিশ্বম্ভরপুর', 'সুনামগঞ্জ', 'চিনাকান্দি', 'চিনাকান্দি', NULL, '12', '', '2019-09-04 07:27:05', '0000-00-00 00:00:00'),
(18, 'মোঃ নিজাম উদ্দিন', 0, NULL, '01700000000', NULL, '', 'জয়নাল আবেদীন', 'সুনামগঞ্জ ', 'সুনামগঞ্জ ', 'আবুল হোসেন রোড', 'আবুল হোসেন রোড', NULL, '12', '', '2019-09-04 07:30:22', '0000-00-00 00:00:00'),
(19, 'মোঃ মরম আলী', 0, NULL, '01755850440', NULL, '', 'মোঃ কিতাব আলী', 'বিশ্বম্ভরপুর', 'সুনামগঞ্জ', 'গোলগাঁও', 'রতারগাঁও', NULL, '12', '', '2019-09-05 06:54:05', '0000-00-00 00:00:00'),
(20, 'জহুর মিয়া', 0, NULL, '01713454239', NULL, '', 'চান্দু মিয়া', 'সুনামগঞ্জ', 'সুনামগঞ্জ', 'উকিলপাড়া', 'সুনামগঞ্জ', NULL, '12', '', '2019-09-04 07:41:49', '0000-00-00 00:00:00'),
(21, 'ফরহাদ হোসেন সবুজ', 0, NULL, '01724736618', NULL, '', 'মোঃ হাছানোজ্জামান', 'তাহিরপুর', 'সুনামগঞ্জ ', 'রতনপুর', 'শ্রীপুর', NULL, '12', '', '2019-09-04 07:31:47', '0000-00-00 00:00:00'),
(22, 'মোঃ আবুল কাশেম', 0, NULL, '01713804656', NULL, '', 'মোঃ আব্দুল্লাহ্', ' সদর', 'সুনামগঞ্জ', 'আমপাড়া', 'মঙ্গলকাটা', NULL, '12', '', '2019-09-05 06:49:37', '0000-00-00 00:00:00'),
(23, 'আব্দুল খালেক', 0, NULL, '01728375493', NULL, '', 'নুরুল ইসলাম', 'তাহিরপুর', 'সুনামগঞ্জ', 'পৈলানপুর', 'বাদাঘাট', NULL, '12', '', '2019-09-04 07:33:02', '0000-00-00 00:00:00'),
(26, 'রবি হোসেন', 0, NULL, '01305698516', NULL, '', 'তালেব আলী', 'সদর,', 'সুনামগঞ্জ', 'মোহনপুর', ' জয়নগর বাজার', NULL, '12', '', '2019-09-05 06:46:02', '0000-00-00 00:00:00'),
(27, 'আবু সিদ্দিক', 0, NULL, '0171832885', NULL, '', 'মৃতঃ আব্দুল হাসিম', 'বিশ্বম্ভরপুর', 'সুনামগঞ্জ ', 'চরগাঁও', 'মেরুয়াখলা', NULL, '12', '', '2019-09-04 10:54:36', '0000-00-00 00:00:00'),
(28, 'আরিফ খাঁন', 0, NULL, '01717902117', NULL, '', 'মৃতঃ আমির খাঁন', 'দোয়ারা', 'সুনামগঞ্জ', 'বাঘাহানা', 'আছির নগর', NULL, '12', '', '2019-09-05 06:40:22', '0000-00-00 00:00:00'),
(29, 'দিলীপ রায়', 0, NULL, '01775391029', NULL, '', 'নেপাল রায়', 'ধর্মপাশা', 'সুনামগঞ্জ', 'মধ্যনগর', 'মধ্যনগর', NULL, '12', '', '2019-09-05 06:38:28', '0000-00-00 00:00:00'),
(30, 'দেবল চন্দ্র দাশ', 0, NULL, '01734960561', NULL, '', 'সুখেশ চন্দ্র দাশ', 'দক্ষিন সুনামগঞ্জ', ' সুনামগঞ্জ', 'কুমড়াইল', 'গনিগঞ্জ', NULL, '12', '', '2019-09-05 05:11:20', '0000-00-00 00:00:00'),
(31, 'মোরশেদ আলম', 0, NULL, '01735178080', NULL, '', 'মৃতঃ আরিজ মিয়া', 'তাহিরপুর', 'সুনামগঞ্জ ', 'আলীপুর', 'বাদাঘাট', NULL, '12', '', '2019-09-04 08:06:05', '0000-00-00 00:00:00'),
(33, 'আলী আহমদ', 0, NULL, '01712452733', NULL, '', 'নুরুল ইসলাম', 'ছাতক', 'সুনামগঞ্জ ', 'জালিয়া', 'ভাতগাঁও', NULL, '12', '', '2019-09-05 05:01:48', '2019-09-05 05:09:17'),
(39, 'মোঃ হারেছ উদ্দিন', 0, NULL, '01737067106', NULL, '', 'মনছুর আলী', 'মধ্যনগর', 'সুনামগঞ্জ', 'মাটিয়াবন', 'কার্তিকপুর', NULL, '12', '', '2019-09-04 07:49:39', '0000-00-00 00:00:00'),
(44, 'রফিকুল ইসলাম', 0, NULL, '01728107117', NULL, '', 'ছিদেক মিয়া', 'বিশ্বম্ভরপুর', 'সুনামগঞ্জ', 'হালাবাদী', 'মেরুয়াখলা', NULL, '12', '', '2019-09-04 07:50:57', '0000-00-00 00:00:00'),
(62, 'জনি দাশ', 0, NULL, '০১৭৩১১৯২৯৯৯', NULL, 'jonydas19feb@gmail.com', 'নিপেন্দ্র দাশ', 'সদর', 'সুনামগঞ্জ', 'শাপলা - ১৭, ওয়েজখালী', 'সুনামগঞ্জ', NULL, '12', '', '2019-09-04 07:15:15', '0000-00-00 00:00:00'),
(69, 'মোঃ রাশিদ আহমদ', 0, NULL, '01713539003', NULL, '', 'ডাঃ সুলেমান', 'তাহিরপুর', 'সুনামগঞ্জ ', 'বাদাঘাট', 'বাদাঘাট', NULL, '12', '', '2019-09-04 07:53:31', '0000-00-00 00:00:00'),
(74, 'ইসমাইল', 0, NULL, '01736447700', NULL, '', 'আব্দুল বারেক', 'তাহিরপুর', 'সুনামগঞ্জ', 'ব্রাম্মনগাঁও', 'কাউকান্দি', NULL, '12', '', '2019-09-04 07:56:02', '0000-00-00 00:00:00'),
(82, 'আবুল কালাম', 0, NULL, '01732372710', NULL, '', 'মৃতঃ ইব্রাহিম সরকার', 'তাহিরপুর', 'সুনামগঞ্জ ', 'লাকমা', 'ট্যাকেরঘাট', NULL, '12', '', '2019-09-04 10:56:15', '0000-00-00 00:00:00'),
(106, 'মোঃ আনোয়ার হোসেন', 0, NULL, '0724555581', NULL, '', 'গিয়াস উদ্দিন', 'তাহিরপুর', 'সুনামগঞ্জ', 'কামড়াবন্দ', 'বাদাঘাট', NULL, '12', '', '2019-09-04 07:57:17', '0000-00-00 00:00:00'),
(115, 'শফিকুল ইসলাম ফক্কু ', 0, NULL, '01725325059', NULL, '', 'মোঃ লাল মিয়া', 'বিশ্বম্ভরপুর', ' সুনামগঞ্জ', 'বেতাঘরা, ', 'রতারগাও', NULL, '12', '', '2019-09-09 13:22:27', '0000-00-00 00:00:00'),
(118, 'জাহাঙ্গির আলম', 0, NULL, '01741374961', NULL, '', 'আব্দুল গফুর', 'তাহিরপুর', 'সুনামগঞ্জ ', 'পৈলনপুর', 'বাদাঘাট', NULL, '12', '', '2019-09-04 07:58:23', '0000-00-00 00:00:00'),
(119, 'আসাদুজ্জামান জেকি', 0, NULL, '01700000000', NULL, '', 'গিয়াস উদ্দিন ফজলু', 'সুনামগঞ্জ সদর', 'সুনামগঞ্জ', 'জামতলা', 'সুনামগঞ্জ', NULL, '12', '', '2019-09-04 07:59:57', '0000-00-00 00:00:00'),
(141, 'জসিম উদ্দিন', 0, NULL, '01724693124', NULL, '', 'মুক্তার আলী', 'জামালগঞ্জ', 'সুনামগঞ্জ', 'শেরমস্তপুর', ' সাচনা বাজার', NULL, '12', '', '2019-09-04 09:54:48', '0000-00-00 00:00:00'),
(177, 'রহুল আমীন', 0, NULL, '01724756725', NULL, '', 'আব্দুল আজিজ', 'বিশ্বম্ভরপুর', 'সুনামগঞ্জ', 'রাজানগর', 'মেরুয়াখলা', NULL, '12', '', '2019-09-04 09:57:32', '0000-00-00 00:00:00'),
(182, 'মোঃ হারুন রশিদ', 0, NULL, '01766044642', NULL, '', 'মোঃ রুস্তম আলী', 'বিশ্বম্ভরপুর', 'সুনামগঞ্জ ', 'মেরুয়াখলা', 'মেরুয়াখলা', NULL, '12', '', '2019-09-04 10:58:00', '0000-00-00 00:00:00'),
(247, 'মোঃ আবুল হোসেন', 0, NULL, '01717267318', NULL, '', 'মোঃ আব্দুর রহিম', 'বিশ্বম্ভরপুর', 'সুনামগঞ্জ', 'মেরুয়াখলা', 'বিশ্বম্ভরপুর', NULL, '12', '', '2019-09-04 10:00:19', '0000-00-00 00:00:00'),
(277, 'মোঃ ফয়সাল আহমদ', 0, NULL, '01794251273', NULL, '', 'মোঃ মিজানুর রহমান', 'জামালগঞ্জ', 'সুনামগঞ্জ ', 'নয়াহালট', 'সাচনা বাজার', NULL, '12', '', '2019-09-04 11:00:38', '0000-00-00 00:00:00'),
(281, 'মোঃ কাউসার মিয়া', 0, NULL, '01957706504', NULL, '', 'মোঃ ধন মিয়া', 'বিশ্বম্ভরপুর', 'সুনামগঞ্জ ', 'চালবন', 'সলুকাবাদ', NULL, '12', '', '2019-09-04 11:01:45', '0000-00-00 00:00:00'),
(333, 'মোঃ জালাল উদ্দিন', 0, NULL, '01759607808', NULL, '', 'মৃতঃ হাছন আলী', 'বিশ্বম্ভরপুর', 'সুনামগঞ্জ ', 'মাছিমপুর ', 'চিনাকান্দি', NULL, '12', '', '2019-09-04 11:03:12', '0000-00-00 00:00:00'),
(437, 'সুভাষ রায়', 0, NULL, '01716175029', NULL, '', 'সন্দন রায়', 'সুনামগঞ্জ  সদর', 'সুনামগঞ্জ ', 'নবীনগর', 'সুনামগঞ্জ', NULL, '12', '', '2019-09-04 11:04:49', '0000-00-00 00:00:00'),
(482, 'শহিদুল ইসলাম', 0, NULL, '01714429733', NULL, '', 'মৃতঃ আব্দুল করিম', 'বিশ্বম্ভরপুর', 'সুনামগঞ্জ ', 'গামাইরতলা', 'চিনাকান্দি', NULL, '12', '', '2019-09-04 11:06:00', '0000-00-00 00:00:00'),
(516, 'মোঃ দানু মিয়া', 0, NULL, '01924205377', NULL, '', 'মাহমদ আলী', 'সদর', 'সুনামগঞ্জ ', 'মুসলিমপুর', 'সুনামগঞ্জ ', NULL, '12', '', '2019-09-04 11:07:23', '0000-00-00 00:00:00'),
(548, 'মোঃ জাহাঙ্গির আলম', 0, NULL, '01931173091', NULL, '', 'মৃতঃ মামুদ হোসেন', 'বিশ্বম্ভরপুর', 'সুনামগঞ্জ ', 'রতারগাঁও', 'রতারগাওঁ', NULL, '12', '', '2019-09-04 11:08:31', '0000-00-00 00:00:00'),
(621, 'আব্দুল রাজ্জাক', 0, NULL, '01727336753', NULL, '', 'মৃতঃ তায়েব আলী', 'সাচনা বাজার', 'সুনামগঞ্জ ', 'শরৎপুর', 'জামালাবাজ', NULL, '12', '', '2019-09-04 11:09:39', '0000-00-00 00:00:00'),
(641, 'মোঃ নূর উদ্দিন', 0, NULL, '01725746383', NULL, '', 'মোঃ সুরুজ আলী', 'বিশ্বম্ভরপুর', 'সুনামগঞ্জ ', 'দুধপুর', 'চিনাকান্দি', NULL, '12', '', '2019-09-04 11:10:47', '0000-00-00 00:00:00'),
(671, 'মোঃ মেরাজুল আমীন', 0, NULL, '01725110828', NULL, '', 'মৃতঃ আব্দুর রাজ্জাক', 'তাহিরপুর', 'সুনামগঞ্জ', 'রতণশ্রী', 'তাহিরপুর', NULL, '12', '', '2019-09-04 10:09:08', '0000-00-00 00:00:00'),
(706, 'মোঃ শাহ আলম চেীধুরী', 0, NULL, '01711445190', NULL, '', 'মৃতঃ হাবীবুর রহমান', 'জৈন্তাপুর', 'সিলেট', 'বাউরবাঘ দক্ষিন', 'দরবশ বাজার', NULL, '12', '', '2019-09-04 11:28:24', '0000-00-00 00:00:00'),
(716, 'রাশিদ এন্টারপ্রাইজ', 0, NULL, '01711268649', NULL, '', 'প্রোঃ মোঃ মোবারক হোসেন ', 'তাহিরপুর', 'সুনামগঞ্জ', 'বাদাঘাট', 'বাদাঘাট', NULL, '12', '', '2019-09-04 11:59:50', '0000-00-00 00:00:00'),
(787, 'মান্নান', 0, NULL, '01712365453', NULL, '', 'আঃ রহিম', 'গোয়াইনঘাট', 'সিলেট ', 'পূর্ব লাখেরপাড়', 'জাফলং', NULL, '12', '', '2019-09-04 12:02:25', '0000-00-00 00:00:00'),
(879, 'মোঃ রাহাত মিয়া ভুইয়া', 0, NULL, '01712318413', NULL, '', 'আফছর উদ্দিন ভুইয়া', 'জগন্নাথপুর', 'সুনামগঞ্জ ', 'পশ্চিম ভবানীপুর', 'জগন্নাথপুর', NULL, '12', '', '2019-09-04 12:03:51', '0000-00-00 00:00:00'),
(925, 'আব্দুল হালিম', 0, NULL, '01734758975', NULL, '', 'শহর আলী', 'বিশ্বম্ভরপুর', 'সুনামগঞ্জ', 'গামাইরতলা', 'চিনাকান্দি', NULL, '12', '', '2019-09-04 12:05:19', '0000-00-00 00:00:00'),
(1085, 'আশিষ চন্দ্র পাল', 0, NULL, '01717389153', NULL, '', 'নগর চন্দ্র পাল', 'সুনামগঞ্জ সদর ', 'সুনামগঞ্জ ', 'নতুনপাড়া', 'সুনামগঞ্জ ', NULL, '12', '', '2019-09-05 03:42:27', '0000-00-00 00:00:00'),
(1278, 'বিশ্বজিত সরকার', 0, NULL, '01716327022', NULL, '', 'বীরেন্দ্র সরকার', 'তাহিরপুর', 'সুনামগঞ্জ ', 'মোয়াজ্জেমপুর', 'মাহমুদপুর', NULL, '12', '', '2019-09-05 03:44:08', '0000-00-00 00:00:00'),
(1307, 'আবুল খয়ের', 0, NULL, '01717140333', NULL, '', 'হাজী মোঃ মনাই উল্লা', 'দক্ষিন সুনামগঞ্জ', 'সুনামগঞ্জ ', 'হাসকুড়ি', 'বীরগাঁও', NULL, '12', '', '2019-09-05 03:45:44', '0000-00-00 00:00:00'),
(1377, 'মোঃ আব্দুল আলী', 0, NULL, '01761878252', NULL, '', 'মোহর আলী', 'তাহিরপুর', 'সুনামগঞ্জ ', 'পুরানলাউর পশ্চিম', 'বাদাঘাট', NULL, '12', '', '2019-09-05 03:47:15', '0000-00-00 00:00:00'),
(1390, 'মোঃ আব্দুলাহ', 0, NULL, '01721484831', NULL, '', 'মৃতঃ ইফনুছ আলী', 'ছাতক', 'সুনমাগঞ্জ ', 'নিজগাঁও', 'ছনবাড়ি', NULL, '12', '', '2019-09-05 03:48:36', '0000-00-00 00:00:00'),
(1504, 'মোঃ আল আমীন', 0, NULL, '01775959786', NULL, '', 'মৃতঃ রহম আলী', 'বিশ্বম্ভরপুর', 'সুনামগঞ্জ ', 'হালাবাদী', 'মেরুয়াখলা', NULL, '12', '', '2019-09-05 03:49:58', '0000-00-00 00:00:00'),
(1523, 'আকবর আলী', 0, NULL, '01718508830', NULL, '', 'মালধার আলী', 'সদর', 'সুনামগঞ্জ ', 'বাধঁন - ২১/১', ' বাধঁন পাড়া', NULL, '12', '', '2019-09-05 03:51:36', '0000-00-00 00:00:00'),
(1776, 'মোঃ শফিকুল ইসলাম', 0, NULL, '01719251021', NULL, '', 'মোঃ আঃ কুদ্দুছ', 'বিশ্বনাথ', 'সিলেট ', 'গ্রামঃ বিশ্বনাথ', 'বিশ্বনাথ', NULL, '12', '', '2019-09-05 03:53:19', '0000-00-00 00:00:00'),
(1835, 'সুধাংশু বৈঃ', 0, NULL, '01710738430', NULL, '', 'জয় কিশোর বৈঃ', 'বানিয়াচং', 'হবিগঞ্জ ', 'তেলঘড়ি', 'কাদিরগঞ্জ', NULL, '12', '', '2019-09-05 03:55:38', '0000-00-00 00:00:00'),
(1890, 'আশরাফুল হক লোদী', 0, NULL, '01716524146', NULL, '', 'শফিকুল হক লোদী', 'সাদিপুর', 'সিলেট', 'মেীচাক - ২৭, আ/এ ', 'সাদিপুর', NULL, '12', '', '2019-09-05 04:22:34', '0000-00-00 00:00:00'),
(2006, 'মোঃ রাখাব উদ্দিন', 0, NULL, '01711189628', NULL, '', 'মৃতঃ জয়নাল আবেদীন', 'তাহিরপুর', 'সুনামগঞ্জ ', 'সোহালা', 'বাদাঘাট', NULL, '12', '', '2019-09-05 04:23:49', '0000-00-00 00:00:00'),
(2055, 'নজরুল হক', 0, NULL, '01779846500', NULL, '', 'মৃতঃ তাহের আলী', 'তাহিরপুর', 'সুনামগঞ্জ ', 'ভাটি তাহিরপুর', 'তাহিরপুর', NULL, '12', '', '2019-09-05 04:25:04', '0000-00-00 00:00:00'),
(2061, 'মোশারফ', 0, NULL, '01738959170', NULL, '', 'বশির মেম্বার', 'তাহিরপুর', 'সুনামগঞ্জ ', 'ভাটি তাহিরপুর', 'তাহিরপুর', NULL, '12', '', '2019-09-05 04:26:29', '0000-00-00 00:00:00'),
(2096, 'মোঃ তেীফিক মিয়া', 0, NULL, '01752049889', NULL, '', 'মোঃ আব্দুল কুদ্দুছ', 'তাহিরপুর', 'সুনামগঞ্জ', 'সূয্যেরগাঁও', 'তাহিরপুর', NULL, '12', '', '2019-09-05 04:29:55', '0000-00-00 00:00:00'),
(2118, 'শুভাশিষ দাস', 0, NULL, '01712756165', NULL, '', 'হরিপদ দাস', 'হবিগঞ্জ ', 'হবিগঞ্জ ', 'নিউ মুসলিম কোয়াটার', 'হবিগঞ্জ ', NULL, '12', '', '2019-09-05 04:31:34', '0000-00-00 00:00:00'),
(2170, 'বাবুল মিয়া', 0, NULL, '01713806308', NULL, '', 'আবুল কালাম', 'তাহিরপুর', 'সুনামগঞ্জ ', 'শিমুলতলা', 'বাদাঘাট', NULL, '12', '', '2019-09-05 04:33:03', '0000-00-00 00:00:00'),
(2250, 'তিতাস রায়', 0, NULL, '01716466678', NULL, '', 'লাল মোহন রায়', 'ধর্মপাশা', 'সুনামগঞ্জ ', 'ইটাউড়ি', 'মধ্যনগর', NULL, '12', '', '2019-09-05 04:34:32', '0000-00-00 00:00:00'),
(2314, 'মোঃ জামাল', 0, NULL, '01715438507', NULL, '', 'মোঃ আলী বক্স ', 'তাহিরপুর', 'সুনামগঞ্জ ', 'লালঘাট', 'ট্যাকেরঘাট', NULL, '12', '', '2019-09-05 04:36:49', '0000-00-00 00:00:00'),
(2369, 'আবুল হাসান চেীধুরী', 0, NULL, '01711597697', NULL, '', 'হারুন রশিদ চেীঃ', 'শাল্লা', 'সুনমাগঞ্জ ', 'আটগাঁও', 'ব্রজেন্দ্রগঞ্জ', NULL, '12', '', '2019-09-05 04:38:09', '0000-00-00 00:00:00'),
(2372, 'মোঃ আমীর উদ্দিন', 0, NULL, '01710409301', NULL, '', 'মোঃ আনোয়ার আলী', 'জামালগঞ্জ', 'সুনামগঞ্জ ', 'সুজাতপুর', 'ভীমখালি', NULL, '12', '', '2019-09-05 04:39:54', '0000-00-00 00:00:00'),
(2417, 'মোঃ রহমত আলী', 0, NULL, '01742025875', NULL, '', 'মোঃ আব্দুল আহাদ', 'ছাতক', 'সুনমাগঞ্জ ', 'খুরমা', 'ছাতক', NULL, '12', '', '2019-09-05 04:41:33', '0000-00-00 00:00:00'),
(2419, 'মোঃ সুহেল মিয়া', 0, NULL, '01794731903', NULL, '', 'মোঃ এমাদ মিয়া', 'তাহিরপুর', 'সুনামগঞ্জ ', 'টুকেরগাঁও', 'তাহিরপুর', NULL, '12', '', '2019-09-05 04:44:11', '0000-00-00 00:00:00'),
(2427, 'মজনু মিয়া', 0, NULL, '01824680114', NULL, '', 'হযরত আলী', 'তাহিরপুর', 'সুনামগঞ্জ ', 'মানিগাঁও', 'বাদাঘাট', NULL, '12', '', '2019-09-05 04:45:27', '0000-00-00 00:00:00'),
(2458, 'মোঃ মাসুক', 0, NULL, '01726146577', NULL, '', 'মোঃ আব্দুল মালিক', 'তাহিরপুর', 'সুনামগঞ্জ ', 'কামারকান্দি', 'কাউকান্দি', NULL, '12', '', '2019-09-05 04:47:37', '0000-00-00 00:00:00'),
(2469, 'মিজানুর রহমান', 0, NULL, '01742868219', NULL, '', 'মনসুর আলী', 'তাহিরপুর', 'সুনামগঞ্জ ', 'ভাটি তাহিরপুর', 'তাহিরপুর', NULL, '12', '', '2019-09-05 04:48:46', '0000-00-00 00:00:00'),
(2533, 'মোঃ আবুল হোসাইন', 0, NULL, '01711065975', NULL, '', 'মোঃ মফিজ মিয়া', 'সদর', 'সিলেট', 'রহমান ভিলা - ২১/এ, নয়াপাড়া', 'লামাবাজার', NULL, '12', '', '2019-09-05 04:55:20', '0000-00-00 00:00:00'),
(2537, 'মোঃ মামুনর রশিদ', 0, NULL, '01725540462', NULL, '', 'আব্দুল কাদির', 'বিশ্বম্ভরপুর', 'সুনামগঞ্জ ', 'কেজাউরা', 'পলাশ', NULL, '12', '', '2019-09-05 04:57:23', '0000-00-00 00:00:00'),
(2548, 'কামাল উদ্দিন', 0, NULL, '01759234086', NULL, '', 'মোঃ আবুল ফয়েজ', 'বিশ্বম্ভরপুর', 'সুনামগঞ্জ ', 'মধ্যনগর', 'চিনাকান্দি', NULL, '12', '', '2019-09-05 04:58:33', '0000-00-00 00:00:00'),
(2592, 'দ্রেবব্রত দাশ', 0, NULL, '01739271303', NULL, '', 'বিনোদ বিহারী দাশ', 'ছাতক', 'সুনামগঞ্জ ', 'দক্ষিন বাঘবাড়ি', 'ছাতক', NULL, '12', '', '2019-09-05 04:59:57', '0000-00-00 00:00:00'),
(2594, 'উজ্জল তালুকদার', 0, NULL, '01712211389', NULL, '', 'স্বর্গীয়ঃ ধীরেন্দ্র কুমার তালুঃ', 'সুনামগঞ্জ ', 'সুনামগঞ্জ ', 'সুগন্ধা - ২৫, পশ্চিম বাজার', 'সুনামগঞ্জ ', NULL, '12', '', '2019-09-05 05:03:02', '0000-00-00 00:00:00'),
(2600, 'মোঃ আক্তার হোসেন', 0, NULL, '01742955016', NULL, '', 'মোঃ আরশ আলী', 'জামালগঞ্জ', 'সুনামগঞ্জ ', 'শরীফপুর', 'ফেনারবাক', NULL, '12', '', '2019-09-05 05:04:20', '0000-00-00 00:00:00'),
(2629, 'আবুল কাশেম', 0, NULL, '01735878890', NULL, '', 'মোঃ হরমুজ আলী', 'তাহিরপুর', 'সুনামগঞ্জ', 'সুন্দর পাহাড়ী', 'বাদাঘাট', NULL, '12', '', '2019-09-05 05:05:25', '0000-00-00 00:00:00'),
(2644, 'জহির মিয়া', 0, NULL, '01714429881', NULL, '', 'হাজী মতিউর রহমান', 'সদর', 'সুনামগঞ্জ ', 'বেড়িগাঁও', 'মঙ্গলকাটা', NULL, '12', '', '2019-09-05 05:07:02', '0000-00-00 00:00:00'),
(2662, 'মোঃ নুরে আলম', 0, NULL, '01718505530,', NULL, '', 'মৃতঃ আবুল হাসিম', 'বারহাট্রা', 'নেত্রকোনা', 'চন্ডপুর', 'চন্দ্রপুর', NULL, '12', '', '2019-09-04 10:28:40', '0000-00-00 00:00:00'),
(2663, 'জাকির হোসেন', 0, NULL, '01732190627', NULL, '', 'আলী হোসেন', 'তাহিরপুর', 'সুনামগঞ্জ ', 'চন্দ্রপুর', 'বাদাঘাট', NULL, '12', '', '2019-09-05 05:10:59', '0000-00-00 00:00:00'),
(2671, 'আরিফুর রহমান', 0, NULL, '01720603730', NULL, '', 'মোঃ ফজলুর রহমান', 'ধর্মপাশা', 'সুনামগঞ্জ ', 'শরিয়তপুর', 'গোলকপুর', NULL, '12', '', '2019-09-05 05:15:05', '0000-00-00 00:00:00'),
(2680, 'মোঃ সুমন মিয়া', 0, NULL, '01730661695', NULL, '', 'মোঃ আব্দুল মালিক', ' দোয়ারা বাজার', 'সুনামগঞ্জ ', 'ঘিলাছড়া', 'নরসিংপুর', NULL, '12', '', '2019-09-04 08:32:46', '0000-00-00 00:00:00'),
(2730, 'নজীর হোসেন', 0, NULL, '01791397466', NULL, '', 'বাচ্ছু মিয়া', 'তাহিরপুর', 'সুনামগঞ্জ ', 'চরগাঁও', 'বড়দল উওর', NULL, '12', '', '2019-09-05 05:22:17', '0000-00-00 00:00:00'),
(2731, 'আব্দুল জলিল', 0, NULL, '01753457731', NULL, '', 'মৃতঃ মিয়ন উল্লা', 'ছাতক', 'সুনামগঞ্জ ', 'ছনবাড়ি', 'নিজগাঁও', NULL, '12', '', '2019-09-05 05:23:29', '0000-00-00 00:00:00'),
(2814, 'জিয়াউর রহমান', 0, NULL, '01736033144', NULL, '', 'হাছান আলী', 'তাহিরপুর', 'সুনামগঞ্জ ', 'পুরানঘাট', 'বাদাঘাট', NULL, '12', '', '2019-09-05 05:28:40', '2019-09-07 11:04:20'),
(2833, 'সবুজ মিয়া', 0, NULL, '01739594012', NULL, '', 'আব্দুর রশিদ', 'তাহিরপুর', 'সুনামগঞ্জ ', 'পুরানঘাট', 'বাদাঘাট', NULL, '12', '', '2019-09-05 05:29:42', '0000-00-00 00:00:00'),
(2860, 'মোঃ শাহীনুর', 0, NULL, '01714360052', NULL, '', 'মোঃ সবুজ মিয়া', 'তাহিরপুর', 'সুনামগঞ্জ ', 'লাউরেরগড়', 'বাদাঘাট', NULL, '12', '', '2019-09-05 05:30:51', '0000-00-00 00:00:00'),
(2890, 'মোঃ মুক্তার উদ্দিন', 0, NULL, '01747190169', NULL, '', 'মোঃ নুরুল আমীন', 'তাহিরপুর', 'সুনামগঞ্জ ', 'মানিগাঁও', 'বাদাঘাট', NULL, '12', '', '2019-09-05 05:32:33', '0000-00-00 00:00:00'),
(2891, 'মোঃ রমিজ রায়হান', 0, NULL, '01728648267', NULL, '', 'মোঃ সুরুজ আলী', 'সদর', 'সুনামগঞ্জ', 'রাজানগর', 'মঙ্গলকাটা', NULL, '12', '', '2019-09-05 05:34:10', '0000-00-00 00:00:00'),
(2911, 'মোঃ খলিলুর রহমান', 0, NULL, '01741613536', NULL, '', 'মোঃ আব্দুল রব্বানী', 'দোয়ারা বাজার', 'সুনামগঞ্জ  ', 'ফুলকারগাঁও', 'বাংলা বাজার', NULL, '12', '', '2019-09-05 05:35:34', '0000-00-00 00:00:00'),
(2917, 'আব্দুল হামিদ', 0, NULL, '01726893912', NULL, '', 'নুরুল ইসলাম', 'দোয়ারা বাঃ', 'সুনামগঞ্জ ', 'আকিলপুর', 'লক্ষিপুর', NULL, '12', '', '2019-09-05 05:38:00', '0000-00-00 00:00:00'),
(2940, 'মোঃ জোবায়ের আহমদ', 0, NULL, '01763790891', NULL, '', 'মোঃ সানোয়ার আলী', ' দোয়ারা বাঃ', 'সুনামগঞ্জ', 'ঘিলাতলী', 'বাংলা বাজার', NULL, '12', '', '2019-09-05 05:39:25', '0000-00-00 00:00:00'),
(2950, 'মোঃ সেলিম মিয়া', 0, NULL, '01783185711', NULL, '', 'মোঃ মর্তুজ আলী', 'জামালগঞ্জ', 'সুনামগঞ্জ', 'আবুর হাটি', 'সাচনা বাজার', NULL, '12', '', '2019-09-05 05:43:01', '0000-00-00 00:00:00'),
(2969, 'মনিব সরকার', 0, NULL, '01797517949', NULL, '', 'শ্রীদাম সরকার', 'বিশ্বম্ভরপুর ', 'সুনামগঞ্জ ', 'চরগাঁও', 'মেরুয়াখলা', NULL, '12', '', '2019-09-05 06:17:13', '0000-00-00 00:00:00'),
(2970, 'হাবিব সারোয়ার আজাদ', 0, NULL, '01712040358', NULL, '', 'হাজী বৈদ মিয়া', 'তাহিরপুর', 'সুনামগঞ্জ', 'শাহ', 'বাদাঘাট বাজার', NULL, '12', '', '2019-09-04 10:35:02', '0000-00-00 00:00:00'),
(2980, 'রাসেল আহমদ', 0, NULL, '01711913050', NULL, '', 'মৃতঃ আব্দুল লতিফ', 'বিশ্বমম্ভরপুর', 'সুনামগঞ্জ ', 'রাধানগর', 'বিশ্বমম্ভরপুর', NULL, '12', '', '2019-09-04 10:37:39', '0000-00-00 00:00:00'),
(2985, 'হাবিবুর রহমান', 0, NULL, '01714448577', NULL, '', 'মহর আলী', 'তাহিরপুর', 'সুনামগঞ্জ', 'নাগরপুর', 'বাদাঘাট', NULL, '12', '', '2019-09-04 10:41:36', '0000-00-00 00:00:00'),
(2986, 'এমদাদুল হক', 0, NULL, '01942732513', NULL, '', 'আব্দুল হেলিম', 'বিশ্বম্ভরপুর', 'সুনামগঞ্জ ', 'দিঘলবাক', 'রতারগাঁও', NULL, '12', '', '2019-09-05 06:18:31', '0000-00-00 00:00:00'),
(3010, 'মোঃ নাজীম উদ্দিন', 0, NULL, '01773747875', NULL, '', 'মৃতঃ আমজত আলী', 'বিশ্বম্ভরপুর', 'সুনামগঞ্জ ', 'কাপনা', 'রতারগাঁও', NULL, '12', '', '2019-09-05 06:25:34', '0000-00-00 00:00:00'),
(3011, 'মোঃ আব্দুল সালাম', 0, NULL, '01776587907', NULL, '', 'মোঃ তায়েব আলী', 'জামালগঞ্জ', 'সুনামগঞ্জ ', 'কালীপুর', 'জামালগঞ্জ', NULL, '12', '', '2019-09-05 06:28:47', '0000-00-00 00:00:00'),
(3025, 'আয়শা বেগম', 0, NULL, '01747337208', NULL, '', 'স্বামীঃ মোঃ শান্দি মিয়া.', 'বিশ্বম্ভরপুর ', 'সুনামগঞ্জ ', 'ছাতারকোনা', 'চিনাকান্দি', NULL, '12', '', '2019-09-05 06:31:07', '0000-00-00 00:00:00'),
(3034, 'উছমান গনি', 0, NULL, '01780635713', NULL, '', 'জয়নাল আবেদীন', 'তাহিরপুর', 'সুনামগঞ্জ ', 'পুরানঘাট', 'বাদাঘাট', NULL, '12', '', '2019-09-05 06:32:33', '0000-00-00 00:00:00'),
(3037, 'মোহাম্মদ সুফি আলম', 0, NULL, '01789740281', NULL, '', 'আফতর আলী', 'সদর', 'সুনামগঞ্জ', 'মোহনপুর', 'জয়নগর', NULL, '12', '', '2019-09-05 06:35:32', '0000-00-00 00:00:00'),
(3053, 'সঞ্জয় দে', 0, NULL, '01716140436', NULL, '', 'সুবোধ দে', 'জগন্নাথপুর', 'সুনামগঞ্জ  ', 'খাশিলা', 'জগন্নাথপুর', NULL, '12', '', '2019-09-05 06:39:06', '0000-00-00 00:00:00'),
(3078, 'বিল্লাল মিয়া', 0, NULL, '01770077009', NULL, '', 'মোঃ শুকুর আলী', 'জামালগঞ্জ', 'সুনামগঞ্জ', 'চানপুর', 'সাচনা বাজার', NULL, '12', '', '2019-09-04 10:48:32', '0000-00-00 00:00:00'),
(3079, 'গোলাম জিলানী', 0, NULL, '01742369530', NULL, '', 'মৃতঃ আব্দুল মোতালিব', 'দোয়ারা বাজার', 'সুনামগঞ্জ ', 'রসরাই', 'লক্ষিপুর', NULL, '12', '', '2019-09-04 10:50:03', '0000-00-00 00:00:00'),
(3087, 'আক্তার হোসেন', 0, NULL, '01728664343', NULL, '', 'রহমত আলী', 'দোয়ারা বাজার', 'সুনামগঞ্জ ', 'যোগিরগাঁও', 'আমবাড়ি', NULL, '12', '', '2019-09-04 10:51:39', '0000-00-00 00:00:00'),
(3095, 'মোঃ সমসের আলী', 0, NULL, '01773554136', NULL, '', 'মোঃ রাশেদ মিয়া', 'দোয়ারা বাজার', 'সুনামগঞ্জ ', 'নোয়াপাড়া', 'লক্ষিপুর', NULL, '12', '', '2019-09-04 10:53:25', '0000-00-00 00:00:00'),
(3096, ' বিল্লাল হোসেন ', 0, NULL, '01740598744', NULL, '', 'মৃতঃ আমীর আলী', 'ধর্মপাশা', 'সুনামগঞ্জ', ' বংশীকুন্ডা', 'বংশীকুন্ডা', NULL, '12', '', '2019-09-05 05:13:17', '0000-00-00 00:00:00'),
(3097, 'এলতাছ উদ্দিন', 0, NULL, '01738898644', NULL, '', 'মোঃ হাদিছ মিয়া', 'তাহিরপুর', 'সুনামগঞ্জ ', 'শান্তিপুর', 'বাদাঘাট', NULL, '12', '', '2019-09-05 06:15:12', '0000-00-00 00:00:00'),
(3103, 'মেহেদী হাসান মাহিদ', 0, NULL, '01781133322', NULL, '', 'মৃতঃ মকবুল হোসেন', 'দিরাই', 'সুনামগঞ্জ  ', 'চন্ডীপুর', 'দিরাই', NULL, '12', '', '2019-09-05 06:40:42', '0000-00-00 00:00:00'),
(3104, 'মোঃ দিলোয়ার হোসেন', 0, NULL, '01316446925', NULL, '', 'মোঃ আব্দুল হাশিম', ' সদর', 'সুনামগঞ্জ', 'নিয়ামতপুর', 'গেীরারং', NULL, '12', '', '2019-09-05 06:42:49', '0000-00-00 00:00:00'),
(3108, 'মোঃ আলী হোসেন', 0, NULL, '01717540385', NULL, '', 'মোঃ আক্কাস আলী', 'দোয়ারা বাজার', 'সুনামগঞ্জ  ', 'লামাসানিয়া', 'দোয়ারা বাজার', NULL, '12', '', '2019-09-05 06:45:12', '0000-00-00 00:00:00'),
(3147, 'মোঃ রাশেদ আহম্মদ', 0, NULL, '01752618291', NULL, '', 'মোঃ আলী আহম্মদ', 'দিরাই', 'সুনামগঞ্জ  ', 'চন্ডিপুর', 'দিরাই', NULL, '12', '', '2019-09-05 06:47:17', '0000-00-00 00:00:00'),
(3148, 'নজরুল ইসলাম', 0, NULL, '01742231980', NULL, '', 'মোঃ রইছ উদ্দিন', ' দোয়ারা', 'সুনামগঞ্জ', 'ভাওয়ালিপাড়া', 'পূর্ব বাংলা বাজার', NULL, '12', '', '2019-09-05 06:47:49', '0000-00-00 00:00:00'),
(3213, 'ললিন নূর', 0, NULL, '01718045882', NULL, '', 'মোঃ চানঁ মিয়া', 'দিরাই', 'সুনামগঞ্জ  ', 'ভাটিপুাড়া', 'পাথারিয়া', NULL, '12', '', '2019-09-05 06:48:53', '0000-00-00 00:00:00'),
(3214, 'মোঃ আজাদ মিয়া', 0, NULL, '01717835283', NULL, '', 'নাজিম উদ্দিন', 'তাহিরপুর', 'সুনামগঞ্জ', 'লাউরেরগড়', 'বাদাঘাট', NULL, '12', '', '2019-09-05 06:51:41', '0000-00-00 00:00:00'),
(3276, 'মরম আলী', 0, NULL, '01766221518', NULL, '', 'ধনু মিয়া', 'তাহিরপুর', 'সুনামগঞ্জ ', 'হলহলিয়া', 'কাউকান্দি', NULL, '12', '', '2019-09-05 06:51:52', '0000-00-00 00:00:00'),
(3310, 'মোঃ জুয়েল মিয়া', 0, NULL, '01710262391', NULL, '', 'এনাম উদ্দিন শাহ', 'তাহিরপুর', 'সুনামগঞ্জ  ', 'দক্ষিনকুল', 'তাহিরপুর', NULL, '12', '', '2019-09-05 06:55:18', '0000-00-00 00:00:00'),
(3311, 'নুরুল আহমদ', 0, NULL, '01915077930', NULL, '', 'ওয়াহেদ আলী', 'সদর', 'সুনামগঞ্জ', 'ইসলামপুর', 'মঙ্গলকাটা', NULL, '12', '', '2019-09-05 06:57:14', '0000-00-00 00:00:00'),
(3316, 'শংকর চন্দ্র কর', 0, NULL, '01725658807', NULL, '', 'সুধীর চন্দ্র কর', 'জামালগঞ্জ', 'সুনামগঞ্জ  ', 'কালীপুর', 'ভীমকালি', NULL, '12', '', '2019-09-05 06:58:27', '0000-00-00 00:00:00'),
(3352, 'প্রভাকর দাশ', 0, NULL, '01712344406', NULL, '', 'কালী কান্ত দাশ', 'দিরাই ', 'সুনামগঞ্জ ', 'দওগ্রাম', 'পাথারিয়া', NULL, '12', '', '2019-09-05 06:59:48', '0000-00-00 00:00:00'),
(3353, 'মোঃ সিরাজুল হক', 0, NULL, '01728725364', NULL, '', 'মোঃ রমজান আলী', 'ছাতক', 'সুনামগঞ্জ', 'বনগাওঁ', 'ছনবাড়ি', NULL, '12', '', '2019-09-05 06:59:57', '0000-00-00 00:00:00'),
(3377, 'অনুজ কান্ত বৈঞ্চব', 0, NULL, '01762454653', NULL, '', 'ধরনী কান্ত বৈঞ্চব', 'শাল্লা', 'সুনামগঞ্জ ', 'মছুপুর', 'পাহাড়পুর', NULL, '12', '', '2019-09-05 07:01:08', '0000-00-00 00:00:00'),
(3378, 'আব্দুল আলীম', 0, NULL, '01714728598', NULL, '', 'মৃতঃ আব্দুর রাজ্জাক', 'বিশ্বম্ভরপুর', 'সুনামগঞ্জ', 'মিয়ারচর', 'বাদাঘাট', NULL, '12', '', '2019-09-05 07:01:50', '0000-00-00 00:00:00'),
(3382, 'আবুল হোসেন', 0, NULL, '01717651347', NULL, '', 'মোহাম্মদ আলী', 'সদর', 'সুনামগঞ্জ ', 'রাজানগর', 'মঙ্গলকাটা', NULL, '12', '', '2019-09-05 07:02:25', '0000-00-00 00:00:00'),
(3383, 'লক্ষন চন্দ্র দাশ', 0, NULL, '01735849454', NULL, '', 'নি শি কান্ত দাশ', 'শাল্লা', 'সুনামগঞ্জ', 'সাউধেরশী', 'কাদিরগঞ্জ', NULL, '12', '', '2019-09-05 07:03:29', '0000-00-00 00:00:00'),
(3384, 'মোঃ রকিম আলী', 0, NULL, '01742912210', NULL, '', 'মোঃ মকবুল আলী', ' দোয়ারা বাজার', 'সুনামগঞ্জ', 'দ্বীনেরটুক', 'নরসিংপুর', NULL, '12', '', '2019-09-05 07:06:12', '0000-00-00 00:00:00'),
(3430, 'বিপ্লব দে', 0, NULL, '01726700044', NULL, '', 'হরে কৃঞ দে', 'সদর', 'সুনামগঞ্জ  ', 'নির্ঝর - ৩৩', 'সোমপাড়া', NULL, '12', '', '2019-09-05 07:09:43', '0000-00-00 00:00:00'),
(3453, 'জয়নাল', 0, NULL, '01790594930', NULL, '', 'রুস্তম আলী', 'বিশ্বম্ভরপুর ', 'সুনামগঞ্জ  ', 'ধনপুর', 'মেরুয়াখলা', NULL, '12', '', '2019-09-05 07:14:59', '0000-00-00 00:00:00'),
(3496, 'মন্টু মিয়া', 0, NULL, '01756919483', NULL, '', 'সফিক মিয়া', 'তাহিরপুর', 'সুনামগঞ্জ  ', 'কাউকান্দি', 'কাউকান্দি', NULL, '12', '', '2019-09-05 07:17:11', '0000-00-00 00:00:00'),
(3552, 'সজ্জাদ মিয়া', 0, NULL, '01791460149', NULL, '', 'জামির উদ্দিন', 'দিরাই', 'সুনামগঞ্জ  ', 'ধীতপুর', 'রজনীগঞ্জ', NULL, '12', '', '2019-09-05 07:22:05', '0000-00-00 00:00:00'),
(3576, 'রঞ্জন রায়', 0, NULL, '01714911564', NULL, '', 'কৃষ্ঞ রায়', 'শাল্লা', 'সুনামগঞ্জ  ', 'ঘুংগিয়ারগাঁও', 'শাল্লা', NULL, '12', '', '2019-09-05 07:26:30', '0000-00-00 00:00:00'),
(3584, 'সুশান্ত চন্দ্র দাস', 0, NULL, '01793360391', NULL, '', 'সুরেন্দ্র চন্দ্র দাশ', 'আজমেরী', 'হবিগঞ্জ ', 'পূর্ব কালনী', 'পাহাড়পুর', NULL, '12', '', '2019-09-05 07:27:51', '0000-00-00 00:00:00'),
(3654, 'মোঃ হেলাল মিয়া', 0, NULL, '01715388509', NULL, '', 'আব্দুল হাকিম', 'দোয়ারা বাঃ', 'সুনামগঞ্জ  ', 'দোয়ারা বাজার,  ', 'দোয়ারা বাঃ', NULL, '12', '', '2019-09-05 07:29:53', '0000-00-00 00:00:00'),
(3662, 'আলতার উদ্দিন', 0, NULL, '01747146178', NULL, '', 'আব্দুর রউফ', 'জামালগঞ্জ', 'সুনামগঞ্জ  ', 'কান্দাগাঁও', 'সাচনা বাজার', NULL, '12', '', '2019-09-05 07:31:01', '0000-00-00 00:00:00'),
(3704, 'আলাল মিয়া', 0, NULL, '01711276129', NULL, '', 'হাফিজ উদ্দিন', 'তাহিরপুর', 'সুনামগঞ্জ', 'মোসেরগাঁও', 'বাদাঘাট', NULL, '12', '', '2019-09-05 07:32:50', '0000-00-00 00:00:00'),
(3713, 'সঞ্চিত দেব', 0, NULL, '01706099580', NULL, '', 'রাম বিহারী দেব', 'গোয়াইনঘাট', 'সিলেট', 'গাড়', 'কালিরগাঁও', NULL, '12', '', '2019-09-05 07:34:13', '0000-00-00 00:00:00'),
(3741, 'সজল চক্রবর্ত্তী', 0, NULL, '01716866588', NULL, '', 'স্বর্গীয়ঃ কালী প্রসন্ন চক্রবর্ত্তী ', 'সুনামগঞ্জ ', 'সুনামগঞ্জ ', 'নিলয় - ১৭৯/২, নতুন পাড়া', 'সুনামগঞ্জ ', NULL, '12', '', '2019-09-05 07:37:32', '0000-00-00 00:00:00'),
(3751, 'তাপস সরকার', 0, NULL, '01749008959', NULL, '', 'N/a', 'N/A', 'N/A', 'N/A', 'N/A', NULL, '12', '', '2019-09-05 07:39:03', '0000-00-00 00:00:00'),
(3757, 'রিপন মিয়া', 0, NULL, '01712174794', NULL, '', 'সায়েকুল ইসলাম', 'দক্ষিন সুঃ', 'সুনামগঞ্জ  ', 'শত্রুমর্দন', 'পাগলা বাজার', NULL, '12', '', '2019-09-05 07:41:42', '0000-00-00 00:00:00'),
(3802, 'মোঃ সরাফত আলী', 0, NULL, '01721096363', NULL, '', 'মোঃ আশক আলী', 'তাহিরপুর', 'সুনামগঞ্জ  ', 'শান্তিপুর', 'বাদাঘাট', NULL, '12', '', '2019-09-05 07:52:10', '0000-00-00 00:00:00'),
(3848, 'মোঃ শাহ জাহান', 0, NULL, '01710705852', NULL, '', 'মোঃ নিজাম উদ্দিন', 'তাহিরপুর ', ' সুনামগঞ্জ  ', 'কামড়াবন্দ', 'বাদাঘাট', NULL, '12', '', '2019-09-05 07:53:11', '0000-00-00 00:00:00'),
(3858, 'মোঃ রফিকুল ইসলাম', 0, NULL, '01715615956', NULL, '', 'মোঃ ফজলু মেম্বার', 'তাহিরপুর', 'সুনামগঞ্জ ', 'চাঁনপুর', 'ট্যাকেরঘাট', NULL, '12', '', '2019-09-05 07:54:32', '0000-00-00 00:00:00'),
(3874, 'নিজাম উদ্দিন', 0, NULL, '01751819009', NULL, '', 'আব্দুর রাজ্জাক', 'তাহিরপুর', 'সুনামগঞ্জ  ', 'পাঠানপাড়া', 'বাদাঘাট', NULL, '12', '', '2019-09-05 07:55:54', '0000-00-00 00:00:00'),
(3896, 'আঙ্গুর আলী', 0, NULL, '01911089759', NULL, '', 'ফজুর রহমান', 'জামালগঞ্জ', 'সুনামগঞ্জ  ', 'ভীমখালী', 'জামালগঞ্জ', NULL, '12', '', '2019-09-05 07:57:04', '0000-00-00 00:00:00'),
(3905, 'ইছা মিয়া', 0, NULL, '01725527632', NULL, '', 'দেওয়ান আলী', 'তাহিরপুর', 'সুনামগঞ্জ  ', 'ইছবপুর', 'বাদাঘাট', NULL, '12', '', '2019-09-05 08:50:37', '0000-00-00 00:00:00'),
(3909, 'বসির মিয়া', 0, NULL, '01717836834', NULL, '', 'আব্দুল হান্নান', 'তাহিরপুর', 'সুনামগঞ্জ  ', 'খালিশাজুরী', 'কাউকান্দি', NULL, '12', '', '2019-09-05 08:52:06', '0000-00-00 00:00:00'),
(3912, 'তারাবুল ইসলাম', 0, NULL, '01716280800', NULL, '', 'মৃতঃ সিকান্দর আলী', 'তাহিরপুর', 'সুনামগঞ্জ  ', 'যশপ্রতাপ', 'বাদাঘাট', NULL, '12', '', '2019-09-05 08:54:38', '0000-00-00 00:00:00'),
(3939, 'মোঃ দুলাল মিয়া', 0, NULL, '01787797395', NULL, '', 'মৃতঃ সামছুদ্দিন', 'ছাতক', 'সুনামগঞ্জ  ', 'ভৈষাকান্দি', 'ছনবাড়ি', NULL, '12', '', '2019-09-05 09:00:23', '0000-00-00 00:00:00'),
(3951, 'মোঃ নুরুল ইসলাম', 0, NULL, '01784254025', NULL, '', 'মোঃ কছুম উদ্দিন', 'বিশ্বম্ভরপুর ', 'সুনামগঞ্জ  ', 'চিনাকান্দি', 'চিনাকান্দি', NULL, '12', '', '2019-09-05 09:01:40', '0000-00-00 00:00:00'),
(3988, 'মোঃ সুলেমান তালুকদার', 0, NULL, '01711913055', NULL, '', 'মোঃ আব্দুল বারী', 'বিশ্বম্ভরপুর ', 'সুনামগঞ্জ  ', 'মুক্তিখলা', 'বিশ্বম্ভরপুর ', NULL, '12', '', '2019-09-05 09:09:51', '0000-00-00 00:00:00'),
(3994, 'সুজিত দে', 0, NULL, '01710442036', NULL, '', 'সুবোধ রঞ্জন দে', 'সদর ', 'সুনামগঞ্জ  ', 'ওয়েজখালী', 'সুনামগঞ্জ', NULL, '12', '', '2019-09-05 09:11:02', '0000-00-00 00:00:00'),
(4005, 'নাহাদ আহমেদ চেীধুরী', 0, NULL, '01747935114', NULL, '', 'আব্দুল বাছির চেীধুরী', 'দিরাই', 'সুনামগঞ্জ  ', 'ভাটিপাড়া', 'ভাটিপাড়া', NULL, '12', '', '2019-09-05 09:16:25', '0000-00-00 00:00:00'),
(4009, 'মাসুম মিয়া', 0, NULL, '01747935114', NULL, '', 'জহিরুল হক', 'জামালগঞ্জ', 'সুনামগঞ্জ ', 'সংবাদপুর', 'গোলকপুর', NULL, '12', '', '2019-09-05 09:18:05', '0000-00-00 00:00:00'),
(4010, 'মোঃ আমিরুল ইসলাম', 0, NULL, '01717092913', NULL, '', 'মোঃ আব্দুল জব্বার', 'দক্ষিন সুঃ', 'সুনামগঞ্জ  ', 'ঠাকুরভোগ', 'ঠাকুরভোগ', NULL, '12', '', '2019-09-05 09:19:31', '0000-00-00 00:00:00'),
(4011, 'মোঃ আলমগীর হোসেন', 0, NULL, '01715550985', NULL, '', 'মোঃ হায়দার আলী', 'সদর ', 'সুনামগঞ্জ  ', 'কালীপুর', 'সুনামগঞ্জ', NULL, '12', '', '2019-09-05 09:20:58', '0000-00-00 00:00:00'),
(4023, 'সাদেক হোসেন', 0, NULL, '01711156554', NULL, '', 'আব্দুল সাওার', 'ধর্মপাশা', 'সুনামগঞ্জ ', 'মাটিকাটা', 'বীর উওর', NULL, '12', '', '2019-09-05 09:23:27', '0000-00-00 00:00:00'),
(4039, 'মোঃ নুর নবী ', 0, NULL, '01776772105', NULL, '', 'মৃতঃ আব্দুল গফুর', 'ছাতক', 'সুনামগঞ্জ  ', 'বাহাদুরপুর', 'ছনবাড়ি', NULL, '12', '', '2019-09-05 09:30:39', '0000-00-00 00:00:00'),
(4045, 'মোঃ আজিজুর রহমান', 0, NULL, '01713809976', NULL, '', 'মোঃ আশু মিয়া', 'তাহিরপুর ', 'সুনামগঞ্জ  ', 'কামড়াবন্দ', 'বাদাঘাট', NULL, '12', '', '2019-09-05 09:32:02', '0000-00-00 00:00:00'),
(4063, 'মোঃ মিলন মিয়া', 0, NULL, '01713811276', NULL, '', 'মোঃ মঞ্জুর আলী', 'তাহিরপুর ', 'সুনামগঞ্জ  ', 'মানিগাঁও', 'বাদাঘাট', NULL, '12', '', '2019-09-05 09:34:04', '0000-00-00 00:00:00'),
(4070, 'শামীম মিয়া', 0, NULL, '01774712632', NULL, '', 'মৃতঃ হানিফ মিয়া', 'তাহিরপুর ', 'সুনামগঞ্জ  ', 'মানিগাঁও', 'বাদাঘাট', NULL, '12', '', '2019-09-05 09:36:44', '0000-00-00 00:00:00'),
(4100, 'আমীর হোসেন', 0, NULL, '01716956870', NULL, '', 'আবুল কালাম', 'দোয়ারা বাঃ', 'সুনামগঞ্জ  ', 'পশ্চিম মাছিমপুর', 'দোয়ারা বাঃ', NULL, '12', '', '2019-09-05 09:37:56', '0000-00-00 00:00:00'),
(4111, 'সোমলাল দাস', 0, NULL, '01730951771', NULL, '', 'শিবলাল দাস', 'শাল্লা', 'সুনামগঞ্জ  ', 'বিঞ্জুপুর', 'কাদিরগঞ্জ', NULL, '12', '', '2019-09-05 09:39:08', '0000-00-00 00:00:00'),
(4129, 'আলমগীর হোসেন', 0, NULL, '01701493036', NULL, '', 'খুশিদ আলম', 'বিশ্বম্ভরপুর ', 'সুনামগঞ্জ  ', 'সিরাজপুর', 'বালিজুরী', NULL, '12', '', '2019-09-05 09:40:24', '0000-00-00 00:00:00'),
(4135, 'হেলাল আহমদ', 0, NULL, '01701493036', NULL, '', 'আব্দুল রাশিদ', 'তাহিরপুর ', 'সুনামগঞ্জ  ', 'পাগলা শত্রুমর্দন ', 'ট্যাকেরঘাট', NULL, '12', '', '2019-09-05 09:44:00', '0000-00-00 00:00:00'),
(4136, 'মোঃ আতাউর রহমান', 0, NULL, '01735711322', NULL, '', 'আব্দুল হাই', 'তাহিরপুর ', 'সুনামগঞ্জ  ', 'লাউরেরগড়', 'বাদাঘাট', NULL, '12', '', '2019-09-05 09:55:52', '0000-00-00 00:00:00'),
(4138, 'মোঃ দেলোয়ার হোসেন', 0, NULL, '01757325611', NULL, '', 'মোঃ আব্দুছ ছাওার', 'সুনামগঞ্জ ', 'সুনামগঞ্জ  ', 'প্রান্তিক - ৬১', 'নতুন হাছননগর', NULL, '12', '', '2019-09-05 09:57:38', '0000-00-00 00:00:00'),
(4140, 'মোঃ জাকির হোসেন', 0, NULL, '01757325611', NULL, '', 'নুরুল হক', 'সুনামগঞ্জ ', 'সুনামগঞ্জ  ', 'উওর কামলাবাজ', 'সাচনা বাজার', NULL, '12', '', '2019-09-05 10:09:33', '0000-00-00 00:00:00'),
(4144, 'সুমন মিয়া', 0, NULL, '01845449143', NULL, '', 'মোতালিব', 'বিশ্বম্ভরপুর ', 'সুনামগঞ্জ  ', 'গামাইরতলা', 'চিনাকান্দি', NULL, '12', '', '2019-09-05 10:11:19', '0000-00-00 00:00:00'),
(4152, 'আব্দুল কুদ্দছ', 0, NULL, '01640004822', NULL, '', 'আব্দুল হাই', 'তাহিরপুর ', 'সুনামগঞ্জ  ', 'ভোলাখালী', 'বাদাঘাট', NULL, '12', '', '2019-09-05 10:13:11', '0000-00-00 00:00:00'),
(4156, 'মোঃ হুমায়োন কবির', 0, NULL, '01713681540', NULL, '', 'মোঃ আঃ ছাওার', 'তাহিরপুর', 'সুনামগঞ্জ', 'মানিগাঁও', 'বাদাঘাট', NULL, '12', '', '2019-09-07 06:48:46', '0000-00-00 00:00:00'),
(4455, 'মোঃ সাইফুল ইসলাম', 0, NULL, '016797909981', NULL, '', 'তাজুল ইসলাম', 'ধর্মপাশা', 'সুনামগঞ্জ', 'আছমতপুর', 'গোলকপুর', NULL, '12', '', '2019-09-05 08:18:24', '0000-00-00 00:00:00'),
(4475, 'জুয়েল  মিয়া', 0, NULL, '01741977826', NULL, '', 'জাহের আলী', 'বিশ্বম্ভরপুর', 'সুনামগঞ্জ ', 'মিয়ারচর, বাদাঘাট, বিশ্বম্ভরপুর, সুনামগঞ্জ ', ' বাদাঘাট', NULL, '12', '', '2019-09-05 08:45:29', '0000-00-00 00:00:00'),
(4477, 'শামীম  আহমদ', 0, NULL, '01785862151', NULL, '', 'হাবিবুর রহমান', 'সদর', 'সুনামগঞ্জ', 'মোহনপুর', 'জয়নগর ', NULL, '12', '', '2019-09-05 08:47:46', '0000-00-00 00:00:00'),
(4478, 'মোঃ  মাশিকনুর', 0, NULL, '01721452118', NULL, '', 'আঃ রশিদ', 'তাহিরপুর', 'সুনামগঞ্জ ', 'বড়দল', 'বাদাঘাট', NULL, '12', '', '2019-09-05 08:49:30', '0000-00-00 00:00:00'),
(4487, 'মোঃ  ফজর আলী', 0, NULL, ' 01304283092', NULL, '', 'আদম খাঁ', 'তাহিরপুর', 'সুনামগঞ্জ ', 'কাউকান্দি', 'কাউকান্দি', NULL, '12', '', '2019-09-05 08:51:21', '0000-00-00 00:00:00'),
(4488, 'আব্দুল  করিম', 0, NULL, '01302759071', NULL, '', 'মনফর  আলী', 'সদর', 'সুনামগঞ্জ ', 'পুরাতন গুদিগাঁও', 'নারায়নতলা', NULL, '12', '', '2019-09-05 08:57:57', '0000-00-00 00:00:00'),
(4489, 'আলী  আহমদ', 0, NULL, '01712452733', NULL, '', 'নুরুল ইসলাম', 'ছাতক', 'সুনামগঞ্জ ', 'জালিয়া ', 'ভাতগাঁও', NULL, '12', '', '2019-09-05 08:59:26', '0000-00-00 00:00:00'),
(4490, 'মোঃ  মোবারক হোসেন', 0, NULL, '01778752508', NULL, '', 'মোঃ মোজাফর হোসেন', 'জামালগঞ্জ', 'সুনামগঞ্জ ', 'কালুগুজা', 'সেলিমগঞ্জ', NULL, '12', '', '2019-09-05 09:01:16', '0000-00-00 00:00:00'),
(4497, 'সাহাজ  উদ্দিন', 0, NULL, '01703762708', NULL, '', 'গুলজার রহমান', 'তাহিরপুর,', 'সুনামগঞ্জ ', 'পূর্বদৈল', 'বাদাঘাট', NULL, '12', '', '2019-09-05 09:02:49', '0000-00-00 00:00:00'),
(4540, 'সাজিদ মিয়া', 0, NULL, '01737969200', NULL, '', 'আব্দুস সাহিদ', 'তাহিরপুর', 'সুনামগঞ্জ', 'লামাশ্রম, বিন্নাকুলি, ', 'বাদাঘাট', NULL, '12', '', '2019-09-05 10:14:31', '0000-00-00 00:00:00'),
(4543, 'মোঃ ইমরান আলী', 0, NULL, '01714457570', NULL, '', 'মৃতঃ মতছির আলী', 'কুলাউড়া', 'মেীলভী বাজার', 'মতছির আলীর বাড়ি', 'কেওলা কান্দি', NULL, '12', '', '2019-09-05 10:11:26', '0000-00-00 00:00:00'),
(4545, 'মোঃ আলেমান হুসেন', 0, NULL, '01746400142', NULL, '', 'ছায়েদ মিয়া', ' দোয়ারা বাজার', ' সুনামগঞ্জ', 'দেীলতপুর', 'নরসিংপুর', NULL, '12', '', '2019-09-05 10:08:17', '0000-00-00 00:00:00'),
(4547, 'আফাজ উদ্দিন', 0, NULL, '01922399033', NULL, '', 'মৃতঃ আছরব আলী.', ' সদর', 'সুনামগঞ্জ', 'বাঘমারা', 'মঙ্গলকাটা', NULL, '12', '', '2019-09-05 10:04:55', '0000-00-00 00:00:00'),
(4549, 'মোঃ আলী হোসেন (দিঘীরপাড়)', 0, NULL, '01931972676', NULL, '', 'আঃ জলিল', 'তাহিরপুর', ' সুনামগঞ্জ', 'দিঘীরপাড়', 'বাদাঘাট', NULL, '12', '', '2019-09-05 10:01:04', '0000-00-00 00:00:00'),
(4551, 'মোঃ ফরিদ মিয়া', 0, NULL, '01794097139', NULL, '', 'মোঃ আলতাব আলী', 'দোয়ারা বাজার', 'সুনামগঞ্জ', 'মুরাদপুর', 'দোয়ারা বাজার', NULL, '12', '', '2019-09-05 09:56:07', '0000-00-00 00:00:00'),
(4552, 'মোঃ ফজলুল হক', 0, NULL, '01713812520', NULL, '', 'মোঃ হাসান আলী', 'মঙ্গলকাটা', ' সুনামগঞ্জ', 'ইসলামপুর', 'ঘাসিগাঁও', NULL, '12', '', '2019-09-05 09:54:14', '0000-00-00 00:00:00'),
(4553, 'বাদশা মিয়া', 0, NULL, '01727839466', NULL, '', 'ইছব আলী', ' জামালগঞ্জ', 'সুনামগঞ্জ', 'দক্ষিন কামলাবাজ', 'সাচনা বাজার', NULL, '12', '', '2019-09-05 09:51:28', '0000-00-00 00:00:00'),
(4555, 'জাহেরা খাতুন', 0, NULL, '01922399033', NULL, '', 'স্বামীঃ আফাজ উদ্দিন', ' সদর', 'সুনামগঞ্জ ', 'বাঘমারা', 'মঙ্গলকাটা', NULL, '12', '', '2019-09-05 09:46:19', '0000-00-00 00:00:00'),
(4558, 'মোঃ কবির আহমদ', 0, NULL, '01754681576', NULL, '', ', পিতাঃ মোঃ আবু তাহের.', 'ছাতক.', 'সুনামগঞ্জ', 'গাংপাড়,নোয়াকোট ', 'ছনবাড়ি ', NULL, '12', '', '2019-09-05 09:44:41', '0000-00-00 00:00:00'),
(4560, 'মোঃ সুলেমান মিয়া', 0, NULL, '01403172966', NULL, '', 'মোঃ হারুন মিয়া', 'বিশ্বম্ভরপুর', 'সুনামগঞ্জ', 'চালবন', 'রতারগাঁও', NULL, '12', '', '2019-09-05 09:34:22', '0000-00-00 00:00:00'),
(4565, 'মোঃ লিটন মিয়া', 0, NULL, '01710707178', NULL, '', 'মোঃ মানিক মিয়া', 'তাহিরপুর', ' সুনামগঞ্জ', 'নয়াহালট', 'সাচনা বাজার', NULL, '12', '', '2019-09-05 09:32:53', '0000-00-00 00:00:00'),
(4570, 'মোঃ নুরুল ইসলাম (ইচ্ছারচর)', 0, NULL, '01302627042', NULL, '', 'মোঃ ইসমাইল', 'সদর,', 'সুনামগঞ্জ', 'ইচ্ছারচর', 'গেীরারং', NULL, '12', '', '2019-09-05 09:30:47', '0000-00-00 00:00:00'),
(4574, 'মোঃ জালাল উদ্দিন (1)', 0, NULL, '01724258381', NULL, '', 'মোঃ আফাজ উদ্দিন', ' সদর', 'সুনামগঞ্জ ', 'বাঘমারা', 'মঙ্গলকাটা', NULL, '12', '', '2019-09-05 08:46:08', '0000-00-00 00:00:00'),
(4577, 'মোঃ ইব্রাহিম আলী', 0, NULL, '01720166815', NULL, '', 'মোঃ ইদ্রিছ আলী', ' দোয়ারা', 'সুনামগঞ্জ', 'পুরান সিরাজপুর', ' নরসিংপুর', NULL, '12', '', '2019-09-05 08:39:55', '0000-00-00 00:00:00'),
(4578, 'আক্কাস আলী', 0, NULL, '01735281495', NULL, '', 'মৃতঃ কাসেম আলী', 'তাহিরপুর', 'সুনামগঞ্জ', 'চারাগাঁও', 'শ্রীপুর', NULL, '12', '', '2019-09-05 08:37:14', '0000-00-00 00:00:00'),
(4580, 'মোঃ শাহিন মিয়া', 0, NULL, '01759328451', NULL, '', 'মোঃ মনির উদ্দিন', 'ছাতক', ' সুনামগঞ্জ', 'বনগাঁও', 'ছনবাড়ি', NULL, '12', '', '2019-09-05 08:05:58', '0000-00-00 00:00:00'),
(4582, 'ইয়ার খাঁন', 0, NULL, '01779400827', NULL, '', 'আব্দুল জব্বার খাঁন', ' সদর', 'সুনামগঞ্জ', 'ভৈষারপাড়', 'মঙ্গলকাটা', NULL, '12', '', '2019-09-05 08:04:31', '0000-00-00 00:00:00'),
(4583, 'আবেদ হোসেন বাদল', 0, NULL, '01722441982', NULL, '', 'আঃ বারিক তালুকদার', 'জামালগঞ্জ', 'সুনামগঞ্জ', 'মাহমুদপুর', ' সাচনা বাজার', NULL, '12', '', '2019-09-05 08:01:11', '0000-00-00 00:00:00'),
(4584, 'উওম কুমার ঘোপ', 0, NULL, '01722687423', NULL, '', 'দিলীপ কুমার ঘোপ', ' শিবপুর', 'নরসিংদী', '১০৪, গোবিন্দপুর', 'নরসিংদী', NULL, '12', '', '2019-09-05 07:56:06', '0000-00-00 00:00:00'),
(4585, 'মোঃ ছাদেক মিয়া', 0, NULL, '01715503090', NULL, '', 'মোঃ আব্দুল জলিল', 'দোয়ারা', 'সুনামগঞ্জ', 'হাবিব নগর', 'ছনবাড়ি', NULL, '12', '', '2019-09-05 07:53:11', '0000-00-00 00:00:00'),
(4589, 'আবু সাইদ', 0, NULL, '01753956692', NULL, '', 'সমসু উদ্দিন', 'দক্ষিন সুনামগঞ্জ', 'সুনামগঞ্জ', 'থলেরবন্দ', 'ভীমখালি', NULL, '12', '', '2019-09-05 07:49:58', '0000-00-00 00:00:00'),
(4590, 'মোঃ এমরান হোসেন', 0, NULL, '01957388527', NULL, '', ' মোঃ আবু ছায়েদ', 'দোয়ারা বাজার', 'সুনামগঞ্জ', 'কাঠালবাড়ি', 'আছিন নগর', NULL, '12', '', '2019-09-05 07:46:55', '0000-00-00 00:00:00'),
(4591, 'জালাল উদ্দিন', 0, NULL, '01713803678', NULL, '', 'আব্দুল আলী', ' সদর', 'সুনামগঞ্জ', 'পাব্বতীপুর', ' মঙ্গলকাটা', NULL, '12', '', '2019-09-05 07:45:10', '0000-00-00 00:00:00'),
(4599, 'আব্দুল আহাদ', 0, NULL, '01712880710', NULL, '', 'আব্দুল কদ্দুছ', 'সিলেট সদর', 'সুনামগঞ্জ', 'ঐকতান - ৫১,', ' হেনা কুটির', NULL, '12', '', '2019-09-05 07:43:02', '0000-00-00 00:00:00'),
(4602, 'আফজাল হোসেন', 0, NULL, '01718193020', NULL, '', 'সফিকুল ইসলাম', 'তাহিরপুর', 'সুনামগঞ্জ', 'লাকমা', ' ট্যাকেরঘাট', NULL, '12', '', '2019-09-05 07:40:11', '0000-00-00 00:00:00'),
(4605, 'মোহাম্মদ আলফাত উদ্দিন', 0, NULL, '01719740961', NULL, '', 'মোহাঃ মহরম আলী', ' সদর', 'সুনামগঞ্জ', 'আলমপুর', 'বেতগঞ্জ', NULL, '12', '', '2019-09-05 07:38:29', '0000-00-00 00:00:00'),
(4606, 'মোঃ জমির হোসেন', 0, NULL, '01772023346', NULL, '', 'মোঃ আব্দুল হেকিম', ' সদর', 'সুনামগঞ্জ', 'বেরাজালি', 'গেীরার', NULL, '12', '', '2019-09-05 07:36:49', '0000-00-00 00:00:00'),
(4610, 'মোঃ সুহেল মিয়া (বালিকান্দি)', 0, NULL, '01960896280', NULL, '', ' মোঃ মফিজ মিয়া', ' সদর', 'সুনামগঞ্জ', 'বালিকান্দি', 'মঙ্গলকাটা', NULL, '12', '', '2019-09-05 08:50:27', '0000-00-00 00:00:00'),
(4616, 'মোহাম্মদ হোসেন', 0, NULL, '01741327537', NULL, '', 'মোঃ আঃ মান্নান', ' সদর', 'সুনামগঞ্জ', 'বানীপুর', 'মঙ্গলকাটা', NULL, '12', '', '2019-09-05 07:30:52', '0000-00-00 00:00:00'),
(4619, 'মোঃ চেরাগ আলী', 0, NULL, '01737338884', NULL, '', 'শরিফ উল্লা', ' সদর', 'সুনামগঞ্জ', 'বেরাজালি', 'গেীরারং', NULL, '12', '', '2019-09-05 07:25:23', '0000-00-00 00:00:00'),
(4621, 'মোঃ আশাদ মিয়া', 0, NULL, '01927707200', NULL, '', 'মৃতঃ তাহির উদ্দিন', 'বিশ্বম্ভরপুর', 'সুনামগঞ্জ', 'নতুন গোলগাঁও', ' রতারগাঁও', NULL, '12', '', '2019-09-05 07:22:40', '0000-00-00 00:00:00'),
(4624, 'মোছাঃ এম সি বেগম', 0, NULL, '01732034756', NULL, '', 'স্বামীঃ মোঃ আব্দুল হামিদ', ' সদর', 'সুনামগঞ্জ', 'আহমদাবাদ', 'গেীরারং,', NULL, '12', '', '2019-09-05 07:08:40', '0000-00-00 00:00:00'),
(4625, 'শাখাওয়াত হোসেন', 0, NULL, '01722634492', NULL, '', 'জানে আলম', 'তাহিরপুর', 'সুনামগঞ্জ ', 'ঠাকুরহাটি', 'তাহিরপুর', NULL, '12', '', '2019-09-07 07:04:23', '0000-00-00 00:00:00'),
(4626, 'আবুল কাশেম (তাহিরপুর)', 0, NULL, '01724101532', NULL, '', 'গোলাম রব্বানী', 'তাহিরপুর', 'সুনামগঞ্জ ', 'লাকমা', 'ট্যাকেরঘাট', NULL, '12', '', '2019-09-07 07:06:26', '0000-00-00 00:00:00'),
(4627, 'মোছাদ্দেক হুসেন বাচ্ছু', 0, NULL, '01711478261', NULL, '', 'বশির উদ্দিন', 'সদর', 'সুনামগঞ্জ ', 'স্বর্নালী - ২৩', 'পশ্চিম তেঘরিয়া', NULL, '12', '', '2019-09-07 07:12:34', '2019-09-08 07:59:10'),
(4628, 'জিল্লুর রহমান', 0, NULL, '01743710996', NULL, '', 'বিল্লাল মিয়া', 'দোয়ারা বাঃ', 'সুনামগঞ্জ ', 'টেবলাই', 'দোয়ারা বাঃ', NULL, '12', '', '2019-09-07 07:14:08', '0000-00-00 00:00:00'),
(4629, 'মোঃ আব্দুল করিম', 0, NULL, '01713801752', NULL, '', 'মৃতঃ আমীর উদ্দিন', 'তাহিরপুর', 'সুনামগঞ্জ ', 'স্বরুপগঞ্জ', 'চিনাকান্দি', NULL, '12', '', '2019-09-07 07:26:42', '0000-00-00 00:00:00'),
(4630, 'মোঃ রফিকুল ইসলাম (ছাতারকোনা)', 0, NULL, '01730635247', NULL, '', 'মোঃ আব্দুল আলী', ' বিশ্বম্ভরপুর', 'সুনামগঞ্জ ', 'ছাতারকোনা', 'চিনাকান্দি', NULL, '12', '', '2019-09-07 07:30:38', '0000-00-00 00:00:00'),
(4631, 'উজ্জল মিয়া', 0, NULL, '01719642746', NULL, '', 'আঃ মেীলা', 'তাহিরপুর', 'সুনামগঞ্জ ', 'অর্মতপুর', 'ট্যাকেরঘাট', NULL, '12', '', '2019-09-07 07:31:56', '0000-00-00 00:00:00'),
(4632, 'বাক্কী মিয়া', 0, NULL, '01726060012', NULL, '', 'আঃ খালেক', 'তাহিরপুর', 'সুনামগঞ্জ ', 'জৈতাপুর', 'বাদাঘাট', NULL, '12', '', '2019-09-07 07:35:45', '0000-00-00 00:00:00'),
(4633, 'মোঃ ফারুক মিয়া', 0, NULL, '01724756745', NULL, '', 'মৃতঃ রমিজ উদ্দিন', 'তাহিরপুর', 'সুনামগঞ্জ', 'হলহলিয়া', 'কাউকান্দি', NULL, '12', '', '2019-09-07 07:37:02', '0000-00-00 00:00:00'),
(4634, 'আনোয়ার হোসেন', 0, NULL, '01717729587', NULL, '', 'আব্বাস আলী', ' বিশ্বম্ভরপুর ', 'সুনামগঞ্জ  ', 'সুরেশ নগর', 'মেরুয়াখলা', NULL, '12', '', '2019-09-07 07:38:11', '0000-00-00 00:00:00'),
(4635, 'মোঃ মোতালেব হোসেন', 0, NULL, '01785073721', NULL, '', 'মোঃ জাবেদ আলী', 'দোয়ারা', 'সুনামগঞ্জ ', 'জাহাঙ্গিরগাঁও', ' বাংলা বাজার', NULL, '12', '', '2019-09-07 07:40:06', '0000-00-00 00:00:00'),
(4636, 'মোঃ ছাইফুল ইসলাম', 0, NULL, '01713805066', NULL, '', 'খুরশিদ', 'তাহিরপুর', 'সুনামগঞ্জ ', 'ইছবপুর', 'বাদাঘাট', NULL, '12', '', '2019-09-07 07:41:55', '0000-00-00 00:00:00'),
(4637, 'খায়রুল ইসলাম', 0, NULL, '01710153915', NULL, '', 'আব্দুল বারেক', 'ধর্মপাশা', 'সুনামগঞ্জ  ', 'বড়ইহাটি', 'পাইকর হাটি', NULL, '12', '', '2019-09-07 07:43:23', '0000-00-00 00:00:00'),
(4638, 'মোঃ জাহাঙ্গির আলম (ছাতক)', 0, NULL, '01885410269', NULL, '', 'মোঃ তৈরাব আলী', 'ছাতক', 'সুনামগঞ্জ  ', 'গোদাবাড়ি', 'লক্ষি বাউর', NULL, '12', '', '2019-09-07 07:53:26', '0000-00-00 00:00:00'),
(4639, 'মাহবুবুর রহমান', 0, NULL, '01736210234', NULL, '', 'আমজদ হোসেন', 'দোয়ারা বাঃ ', 'সুনামগঞ্জ ', 'বরকত নগর', '৯নং সুরমা', NULL, '12', '', '2019-09-07 08:15:47', '0000-00-00 00:00:00'),
(4640, 'আক্তার হোসেন (দোয়ারা বাজার)', 0, NULL, '01950221925', NULL, '', 'মোঃ কামাল হক', 'দোয়ারা বাজার ', 'সুনামগঞ্জ ', 'গাছগড়া', ' আছিন নগর', NULL, '12', '', '2019-09-07 08:21:03', '2019-09-07 08:21:26'),
(4641, 'মোঃ আমিনুল ইসলাম আরমান', 0, NULL, '01711144739', NULL, '', 'গিয়াস উদ্দিন', 'তাহিরপুর', 'সুনামগঞ্জ ', 'কামড়াবন্দ', 'বাদাঘাট', NULL, '12', '', '2019-09-07 08:22:46', '0000-00-00 00:00:00'),
(4642, 'মোঃ শাখাওয়াত হোসেন', 0, NULL, '01725052156', NULL, '', 'মোঃ রফিকুল ইসলাম', 'দোয়ারা ', 'সুনামগঞ্জ ', 'চান্দেরঘাট', 'আছিরনগর', NULL, '12', '', '2019-09-07 08:23:39', '0000-00-00 00:00:00'),
(4643, 'মোঃ আনছার আলী', 0, NULL, '01719525771', NULL, '', 'মোঃ ওয়াব আলী', 'ছাতক', 'সুনামগঞ্জ ', 'রহমতপুর', 'ছনবাড়ি', NULL, '12', '', '2019-09-07 08:30:34', '0000-00-00 00:00:00'),
(4644, 'মোঃ সাইদুল ইসলাম', 0, NULL, '01731323584', NULL, '', 'মৃতঃ রমিজ আলী', 'দোয়ারা বাঃ', 'সুনামগঞ্জ  ', 'দেীলতপুর', 'নরসিংপুর', NULL, '12', '', '2019-09-07 08:35:03', '0000-00-00 00:00:00'),
(4645, 'আব্দুল জব্বার', 0, NULL, '01719902848', NULL, '', 'তমিজ মিয়া', 'গোয়াইনঘাট', 'সিলেট', 'গুচ্ছগ্রাম', 'জাফলং', NULL, '12', '', '2019-09-07 08:39:15', '0000-00-00 00:00:00'),
(4646, 'মোঃ সুহেল মিয়া (জামালগঞ্জ)', 0, NULL, '01729713802', NULL, '', 'মোঃ সুলতান মিয়া', 'জামালগঞ্জ', 'সুনামগঞ্জ ', 'শরীফপুর', 'সেলিমগঞ্জ', NULL, '12', '', '2019-09-07 08:45:55', '0000-00-00 00:00:00'),
(4647, 'মোঃ আবুল হোসেন (ছাতক)', 0, NULL, '01729865834', NULL, '', 'মৃতঃ বাচ্ছু মিয়া', 'ছাতক', 'সুনামগঞ্জ ', 'সাদারাই', 'গনিপুর', NULL, '12', '', '2019-09-07 08:48:39', '0000-00-00 00:00:00'),
(4648, 'ওহেদ মিয়া', 0, NULL, '01778701589', NULL, '', 'ফুল মিয়া', 'তাহিরপুর', 'সুনামগঞ্জ ', 'ঘাগড়া', 'বাদাঘাট', NULL, '12', '', '2019-09-07 08:50:00', '0000-00-00 00:00:00'),
(4649, 'আলী হোসেন', 0, NULL, '01316444787', NULL, '', 'জামাল উদ্দিন', 'দোয়ারা বাঃ', 'সুনামগঞ্জ ', 'চানপুর', 'লক্ষিপুর', NULL, '12', '', '2019-09-07 08:52:46', '0000-00-00 00:00:00'),
(4650, 'প্রানেশ চন্দ্র বৈঞ্জব', 0, NULL, '01729471409', NULL, '', 'মৃতঃ রঙ্গলাল বৈঞ্জব', 'দির্ইা', 'সুনামগঞ্জ ', 'বাউসি', 'দিরাই চান্দ্রপুর', NULL, '12', '', '2019-09-07 09:05:23', '0000-00-00 00:00:00'),
(4651, 'মোঃ আহম্মদ আলী', 0, NULL, '01720902479', NULL, '', 'মোঃ মোস্তাফা মিয়া', 'জামালগঞ্জ', 'সুনামগঞ্জ  ', 'দুলুভপুর', ' সাচনা বাজার', NULL, '12', '', '2019-09-07 09:07:02', '0000-00-00 00:00:00'),
(4652, 'ছালেহ আহমদ চেীধুরী', 0, NULL, '01716394071', NULL, '', 'মোঃ ইসলাম খান চেীঃ', 'সুনামগঞ্জ ', 'সুনামগঞ্জ ', 'নিলয় - ১২৫/এ', 'নতুনপাড়া', NULL, '12', '', '2019-09-07 09:08:05', '0000-00-00 00:00:00'),
(4653, 'মোঃ আল আমিন', 0, NULL, '01746733660', NULL, '', 'শাহ জাহান', 'তাহিরপুর', 'সুনামগঞ্জ  ', 'পৈলানপুর, , , ', 'বাদাঘাট', NULL, '12', '', '2019-09-07 09:09:06', '0000-00-00 00:00:00'),
(4654, 'মোঃ নজরুল ইসলাম', 0, NULL, '01763218521', NULL, '', 'মৃতঃ শাহাব উদ্দিন', 'বিশ্বম্ভরপুর', 'সুনামগঞ্জ  ', 'তরঙ্গিয়া', 'ধনপুর', NULL, '12', '', '2019-09-07 09:10:43', '0000-00-00 00:00:00'),
(4655, 'মোঃ সম্রাট মিয়া', 0, NULL, '01953488625', NULL, '', 'কাচু মিয়া', 'জামালগঞ্জ', 'সুনামগঞ্জ  ', 'রামপুর', 'সেলিমগঞ্জ', NULL, '12', '', '2019-09-07 09:12:00', '0000-00-00 00:00:00'),
(4656, 'সুজন মিয়া', 0, NULL, '01710896799', NULL, '', 'মোঃ মনফর আলী', 'জামালগঞ্জ', 'সুনামগঞ্জ ', 'সংবাদপুর', 'গোলকপুর', NULL, '12', '', '2019-09-07 09:13:15', '0000-00-00 00:00:00'),
(4657, 'আমিন উদ্দিন', 0, NULL, '01766058277', NULL, '', 'মৃতঃ আঃ ছোবাহান', 'তাহিরপুর', 'সুনামগঞ্জ  ', 'শিমুলতলা', 'বাদাঘাট', NULL, '12', '', '2019-09-07 09:14:21', '0000-00-00 00:00:00'),
(4658, 'মোঃ সাহাব উদ্দিন', 0, NULL, '01719152431', NULL, '', 'মৃতঃ আব্দুল মুতালিব', 'দোয়ারা বাঃ ', 'সুনামগঞ্জ  ', 'চানপুর', 'লক্ষিপুর', NULL, '12', '', '2019-09-07 09:15:22', '0000-00-00 00:00:00'),
(4659, 'মোঃ সাহাব উদ্দিন (তাহিরপুর)', 0, NULL, '01721109093', NULL, '', 'আব্দুল মুল্লিক', 'তাহিরপুর', 'সুনামগঞ্জ', 'দিঘলবাক', 'কাউকান্দি', NULL, '12', '', '2019-09-07 09:18:21', '0000-00-00 00:00:00'),
(4660, 'খোকন সরকার', 0, NULL, '01716795472', NULL, '', 'মাখন সরকার', 'সদর', 'সুনামগঞ্জ ', 'ধোপাখালী', 'সুনামগঞ্জ', NULL, '12', '', '2019-09-07 09:19:22', '0000-00-00 00:00:00'),
(4661, 'মোঃ আবু বক্কর', 0, NULL, '01705085529', NULL, '', 'মোঃ আব্দুল মন্নান', 'দোয়ারা বাজার', 'সুনামগঞ্জ  ', 'ফুলকারগাঁও', ' বাংলা বাজার', NULL, '12', '', '2019-09-07 09:20:27', '0000-00-00 00:00:00'),
(4662, 'জুয়েল মিয়া', 0, NULL, '01741977826', NULL, '', 'জাহের আলী', 'বিশ্বম্ভরপুর', 'সুনামগঞ্জ  ', 'মিয়ারচর', 'বাদাঘাট', NULL, '12', '', '2019-09-07 10:05:04', '0000-00-00 00:00:00'),
(4663, 'শামীম আহমদ', 0, NULL, '01785862151', NULL, '', 'হাবিবুর রহমান', 'সদর', 'সুনামগঞ্জ  ', 'মোহনপুর', 'জয়নগর বাঃ', NULL, '12', '', '2019-09-07 10:05:59', '0000-00-00 00:00:00'),
(4664, 'মোঃ মাশিকনুর', 0, NULL, '01721452118', NULL, '', 'আঃ রশিদ', 'তাহিরপুর', 'সুনামগঞ্জ  ', 'বড়দল', 'বাদাঘাট', NULL, '12', '', '2019-09-07 10:07:17', '0000-00-00 00:00:00'),
(4665, 'মোঃ ফজর আলী', 0, NULL, '01304283092', NULL, '', 'আদম খাঁ', 'তাহিরপুর', 'সুনামগঞ্জ  ', 'কাউকান্দি', 'কাউকান্দি', NULL, '12', '', '2019-09-07 10:08:11', '0000-00-00 00:00:00'),
(4666, 'আব্দুল করিম', 0, NULL, '01302759071', NULL, '', 'মনফর আলী', 'সদর', 'সুনামগঞ্জ ', 'পুরাতন গুদিগাঁও', 'নারায়নতলা', NULL, '12', '', '2019-09-07 10:09:13', '0000-00-00 00:00:00');
INSERT INTO `customer_info` (`customer_id`, `customer_name`, `user_id`, `customer_define_id`, `customer_contact_no`, `customer_type`, `customer_email`, `father_name`, `police_station`, `district`, `village`, `postoffice`, `int_balance`, `customer_creator`, `profile`, `customer_doc`, `customer_dom`) VALUES
(4667, 'মোঃ মোবারক হোসেন', 0, NULL, '01778752508', NULL, '', 'মোঃ মোজাফর হোসেন', 'জামালগঞ্জ', 'সুনামগঞ্জ  ', 'কালুগুজা', 'সেলিমগঞ্জ', NULL, '12', '', '2019-09-07 10:10:48', '2019-09-07 10:13:13'),
(4668, 'সাহাজ উদ্দিন', 0, NULL, '01703762708', NULL, '', 'গুলজার রহমান', 'তাহিরপুর', 'সুনামগঞ্জ  ', 'পূর্বদৈল', 'বাদাঘাট', NULL, '12', '', '2019-09-07 10:12:03', '0000-00-00 00:00:00'),
(4669, 'আব্দুর রহমান', 0, NULL, '01743846602', NULL, '', 'মৃতঃ কাছম আলী', 'তাহিরপুর', 'সুনামগঞ্জ  ', 'পুরান লাউর পূর্ব', 'বাদাঘাট', NULL, '12', '', '2019-09-07 10:13:02', '0000-00-00 00:00:00'),
(4670, 'মোঃ তারেক মিয়া', 0, NULL, '01712403436', NULL, '', 'আজিজুল রহমান', 'তাহিরপুর', 'সুনামগঞ্জ  ', 'কামড়াবন্দ', 'বাদাঘাট', NULL, '12', '', '2019-09-07 10:14:26', '0000-00-00 00:00:00'),
(4671, 'মোঃ জাহাঙ্গির আলম ভুইয়া', 0, NULL, '01724640347', NULL, '', 'মোঃ বুলন্দি ভুঁইয়া', 'মাধবপুর', 'সুনামগঞ্জ  ', 'ইটাঁখোলা', 'সায়হাম', NULL, '12', '', '2019-09-07 10:15:15', '0000-00-00 00:00:00'),
(4672, 'গেীতম তালুকদার দিপু', 0, NULL, '01972635477', NULL, '', 'গিরিজ তালুকদার', 'সদর', 'সুনামগঞ্জ ', 'নিলয় - ১৫৪', 'নতুনপাড়া', NULL, '12', '', '2019-09-07 10:16:29', '0000-00-00 00:00:00'),
(4673, 'মোঃ আব্দুর রহিম', 0, NULL, '01721487765', NULL, '', 'মোঃ জজ মিয়া', 'জামালগঞ্জ', 'সুনামগঞ্জ ', 'শরীপপুর', 'সেলিমগঞ্জ', NULL, '12', '', '2019-09-07 10:17:33', '0000-00-00 00:00:00'),
(4674, 'গোলাম কিবরিয়া', 0, NULL, '01753352890', NULL, '', 'মোঃ আঃ আজিজ', 'জামালগঞ্জ', 'সুনামগঞ্জ ', 'কালাগুজা', 'সেলিমগঞ্জ', NULL, '12', '', '2019-09-07 10:18:35', '0000-00-00 00:00:00'),
(4675, 'মোঃ বাবুল হোসেন তালুকদার', 0, NULL, '01945187739', NULL, '', 'মোঃ গিয়াস ইঃ', 'দিরাই', 'সুনামগঞ্জ', 'রাধানগর, , দিরাই,  ', 'দিরাই', NULL, '12', '', '2019-09-07 10:22:05', '0000-00-00 00:00:00'),
(4676, 'অপু রঞ্জন দাস', 0, NULL, '01710705780', NULL, '', 'অনুকুল চন্দ্র দাস', 'জগন্নাথপুর', 'সুনামগঞ্জ  ', 'বাদে খাশিলা', 'এরালিয়া বাজার', NULL, '12', '', '2019-09-07 10:23:51', '0000-00-00 00:00:00'),
(4677, 'মোঃ ইকবাল হোসেন', 0, NULL, '01861751466', NULL, '', 'মোঃ মহাব্বত আলী', 'বিশ্বম্ভরপুর', 'সুনামগঞ্জ ', 'কাপনা', 'রতারগাও', NULL, '12', '', '2019-09-07 10:25:04', '0000-00-00 00:00:00'),
(4678, 'মামুন হোসেন টিপু', 0, NULL, '01712937497', NULL, '', 'মোঃ তামিজ আলী', 'দিরাই', 'সুনামগঞ্জ ', 'দেীলতপুর', 'নোয়াপাড়া', NULL, '12', '', '2019-09-07 10:28:07', '0000-00-00 00:00:00'),
(4679, 'আব্দুল কাদির', 0, NULL, '01622448461', NULL, '', 'মৃতঃ কফিল উদ্দিন', 'বিশ্বম্ভরপুর', 'সুনামগঞ্জ', 'ধনপুর', 'মেরুয়াখলা', NULL, '12', '', '2019-09-07 10:31:13', '0000-00-00 00:00:00'),
(4680, 'মোঃ সিদ্দিকুর রহমান', 0, NULL, '01708854150', NULL, '', 'মোঃ নহম আলী', 'বিশ্বম্ভরপুর', 'সুনামগঞ্জ ', 'ছাতারকোনা', 'চিনাকান্দি', NULL, '12', '', '2019-09-07 10:36:33', '0000-00-00 00:00:00'),
(4681, 'মোঃ আব্দুল হাই', 0, NULL, '01713642054', NULL, '', 'মোঃ নুরুল ইসলাম', 'তাহিরপুর', 'সুনামগঞ্জ  ', 'রজনী লাইন', 'ট্যাকেরঘাট', NULL, '12', '', '2019-09-07 10:37:28', '0000-00-00 00:00:00'),
(4682, 'মোঃ আবুল হাসান', 0, NULL, '01710819369', NULL, '', 'মোঃ আবুল কালাম', 'তাহিরপুুর', 'সুনামগঞ্জ ', 'নয়াহালট', 'জামালগঞ্জ ', NULL, '12', '', '2019-09-07 10:38:21', '0000-00-00 00:00:00'),
(4683, 'মোঃ হেলাল আহমদ', 0, NULL, '01771635643', NULL, '', 'মোঃ ফারুক মিয়া', 'দোয়ারা বাজার', 'সুনামগঞ্জ  ', 'দক্ষিন শ্রীপুর', 'নরসিংপুর', NULL, '12', '', '2019-09-07 10:39:17', '0000-00-00 00:00:00'),
(4684, 'সামিরুল বারী আরিফ', 0, NULL, '01730056900', NULL, '', 'সামছুল বারী', 'সদর ', 'সুনামগঞ্জ  ', 'নিলয়', 'নতুন পাড়া', NULL, '12', '', '2019-09-07 10:43:39', '0000-00-00 00:00:00'),
(4685, 'নুর মিয়া', 0, NULL, '01700000000', NULL, '', 'মৃতঃ দুধু মিয়া', 'বিশ্বম্ভরপুর', 'সুনামগঞ্জ  ', 'চিনাকান্দি', 'বিশ্বম্ভরপুর', NULL, '12', '', '2019-09-07 10:45:40', '0000-00-00 00:00:00'),
(4686, 'মোঃ রফিক মিয়া', 0, NULL, '01720521839', NULL, '', 'মজহর আলী', 'জামালগঞ্জ', 'সুনামগঞ্জ ', 'রাঙ্গামাটিয়া', 'জয়নগর', NULL, '12', '', '2019-09-07 10:46:42', '0000-00-00 00:00:00'),
(4687, 'মোঃ হারুন রশিদ (দোয়ারা বাজার)', 0, NULL, '01781678619', NULL, '', 'মৃতঃ আব্দুস ছাওার', 'দোয়ারা বাজার', 'সুনামগঞ্জ  ', 'বাঘহানা', 'দোয়ারা বাজার', NULL, '12', '', '2019-09-07 10:50:09', '0000-00-00 00:00:00'),
(4689, 'মোঃ সুমন মিয়া (তাহিরপুর)', 0, NULL, '01740310381', NULL, '', 'মোঃ ছাওার মিয়া', 'তাহিরপুর', 'সুনামগঞ্জ ', 'মানিগাঁও', 'বাদাঘাট', NULL, '12', '', '2019-09-07 10:56:33', '0000-00-00 00:00:00'),
(4690, 'রাসেল আহমদ (ধর্মপাশা)', 0, NULL, '01716673364', NULL, '', 'আলী আমজদ তালুকদার', 'ধর্মপাশা', 'সুনামগঞ্জ ', 'বংশিকুন্ডা', 'ধর্মপাশা', NULL, '12', '', '2019-09-07 10:58:10', '0000-00-00 00:00:00'),
(4691, 'মোঃ জাহাঙ্গির আলম (গোয়াইনঘাট)', 0, NULL, '01735687059', NULL, '', 'আবুল হোসেন', 'গোয়াইনঘাট', 'সিলেট ', 'ভীতুরগুল', 'গোয়াইনঘাট', NULL, '12', '', '2019-09-07 11:00:55', '0000-00-00 00:00:00'),
(4692, 'বাবুল মিয়া (তাহিরপুর)', 0, NULL, '01751031110', NULL, '', 'আবুস সামাদ', 'তাহিরপুর', 'সুনামগঞ্জ ', 'রহমতপুর', 'বাদাঘাট', NULL, '12', '', '2019-09-07 11:03:10', '0000-00-00 00:00:00'),
(4693, 'মোঃ আব্দুল আলী (তাহিরপুর)', 0, NULL, '01715615956', NULL, '', 'মোঃ মহরম আলী', 'তাহিরপুর', 'সুনামগঞ্জ ', 'চাঁনপুর', 'ট্যাকেরঘাট', NULL, '12', '', '2019-09-07 11:05:41', '0000-00-00 00:00:00'),
(4694, 'বাবুল মিয়া (সদর)', 0, NULL, '01957878826', NULL, '', 'মোঃ চান মিয়া', 'সদর', 'সুনামগঞ্জ  ', 'মালাইগাঁও ', 'নারায়নতলা', NULL, '12', '', '2019-09-07 11:08:54', '0000-00-00 00:00:00'),
(4695, 'সফিকুল ইসলাম', 0, NULL, '01766427556', NULL, '', 'হাছন আলী', 'তাহিরপুর', 'সুনামগঞ্জ ', 'সোনাপুর', 'শীপুর উওর', NULL, '12', '', '2019-09-07 11:09:56', '0000-00-00 00:00:00'),
(4696, 'মোঃ আনোয়ার হোসেন (তাহিরপুর)', 0, NULL, '01722314956', NULL, '', 'মোঃ আব্দুল মালিক', 'তাহিরপুর', 'সুনামগঞ্জ ', 'কাউকান্দি', 'কাউকান্দি', NULL, '12', '', '2019-09-07 11:11:15', '0000-00-00 00:00:00'),
(4697, 'আলী আহমদ (তাহিরপুর)', 0, NULL, '01712957540', NULL, '', 'শাহ জাহান', 'তাহিরপুর', 'সুনামগঞ্জ', 'রামজীবনপুর', 'তাহিরপুর', NULL, '12', '', '2019-09-07 11:12:35', '0000-00-00 00:00:00'),
(4698, 'মোঃ জাহাঙ্গির আলম (দোয়ারা বাজার )', 0, NULL, '01746462286', NULL, '', 'কালা মিয়া', 'দোয়ারা বাজার ', 'সুনামগঞ্জ ', 'জিরারগাঁও', 'লক্ষিপুর', NULL, '12', '', '2019-09-07 11:14:30', '0000-00-00 00:00:00'),
(4699, 'মোঃ রফিকুল ইসলাম (তাহিরপুর)', 0, NULL, '01719174305', NULL, '', 'মোঃ কালা মিয়া', 'তাহিরপুর', 'সুনামগঞ্জ ', 'মাহারাম', 'বাদাঘাট', NULL, '12', '', '2019-09-07 11:15:48', '0000-00-00 00:00:00'),
(4700, 'মোঃ নুরুল ইসলাম (দোয়ারা বাজার )', 0, NULL, '01795629898', NULL, '', 'মৃতঃ কলিম উদ্দিন', 'দোয়ারা বাজার ', 'সুনামগঞ্জ ', 'ঘিলাতলা', 'পূর্ব বাংলা বাজার', NULL, '12', '', '2019-09-07 11:18:11', '0000-00-00 00:00:00');

-- --------------------------------------------------------

--
-- Table structure for table `daily_statement`
--

CREATE TABLE `daily_statement` (
  `daily_statement_id` int(11) NOT NULL,
  `statement_date` varchar(14) NOT NULL,
  `payable_purchase` varchar(7) NOT NULL,
  `payable_expense` varchar(5) NOT NULL,
  `payable_loan` varchar(7) NOT NULL,
  `payable_salary` varchar(7) NOT NULL,
  `payable_total` varchar(7) NOT NULL,
  `receivable_sale` varchar(7) NOT NULL,
  `receivable_gift` varchar(5) NOT NULL,
  `receivable_loan` varchar(5) NOT NULL,
  `receivable_salary` varchar(7) NOT NULL,
  `receivable_total` varchar(7) NOT NULL,
  `total_investment` varchar(8) NOT NULL,
  `total_withdrawal` varchar(8) NOT NULL,
  `sale_total` varchar(7) NOT NULL,
  `sale_discount` varchar(5) NOT NULL,
  `sale_tot_consd` varchar(7) NOT NULL,
  `sale_average` varchar(7) NOT NULL,
  `stock_current` varchar(16) NOT NULL,
  `stock_opening` varchar(16) NOT NULL,
  `stock_closing` varchar(16) NOT NULL,
  `purchase_total` varchar(7) NOT NULL,
  `transport_cost` varchar(7) NOT NULL,
  `purchase_plus_transport` varchar(7) NOT NULL,
  `cash_in_hand` varchar(10) NOT NULL,
  `cash_in_bank` varchar(10) NOT NULL,
  `total_cash` varchar(16) NOT NULL,
  `cash_in_total` varchar(10) NOT NULL,
  `cash_out_total` varchar(10) NOT NULL,
  `gift_total` varchar(8) NOT NULL,
  `gross_profit` varchar(16) NOT NULL,
  `total_expense` varchar(8) NOT NULL,
  `net_profit` varchar(20) NOT NULL
) ENGINE=InnoDB DEFAULT CHARSET=latin1;

-- --------------------------------------------------------

--
-- Table structure for table `damage_product`
--

CREATE TABLE `damage_product` (
  `damage_id` int(11) NOT NULL,
  `product_id` int(100) NOT NULL,
  `damage_quantity` int(5) NOT NULL,
  `unit_buy_price` varchar(20) NOT NULL,
  `creator` int(8) NOT NULL,
  `doc` timestamp NOT NULL DEFAULT CURRENT_TIMESTAMP,
  `dom` timestamp NOT NULL DEFAULT CURRENT_TIMESTAMP ON UPDATE CURRENT_TIMESTAMP
) ENGINE=InnoDB DEFAULT CHARSET=latin1;

-- --------------------------------------------------------

--
-- Table structure for table `data_retrive_checking`
--

CREATE TABLE `data_retrive_checking` (
  `drc_id` int(11) NOT NULL,
  `drc_name` varchar(250) CHARACTER SET latin1 NOT NULL,
  `status` int(11) NOT NULL,
  `doc` date NOT NULL,
  `dom` date NOT NULL
) ENGINE=InnoDB DEFAULT CHARSET=utf8;

-- --------------------------------------------------------

--
-- Table structure for table `discount_details`
--

CREATE TABLE `discount_details` (
  `discount_details_id` int(12) NOT NULL,
  `discount_info_id` int(10) NOT NULL,
  `discount` int(4) NOT NULL,
  `quantity` int(4) NOT NULL,
  `discount_type` int(1) NOT NULL,
  `creator` int(4) NOT NULL,
  `status` tinyint(1) NOT NULL,
  `doc` date NOT NULL
) ENGINE=InnoDB DEFAULT CHARSET=latin1;

-- --------------------------------------------------------

--
-- Table structure for table `discount_info`
--

CREATE TABLE `discount_info` (
  `discount_info_id` int(10) NOT NULL,
  `product_id` int(6) NOT NULL,
  `shop_id` int(3) NOT NULL,
  `validate_quantity` int(4) NOT NULL,
  `start_date` date NOT NULL,
  `end_date` date NOT NULL,
  `creator` int(5) NOT NULL,
  `status` tinyint(1) NOT NULL,
  `doc` date NOT NULL
) ENGINE=InnoDB DEFAULT CHARSET=latin1;

-- --------------------------------------------------------

--
-- Table structure for table `dishonour_cheque_book`
--

CREATE TABLE `dishonour_cheque_book` (
  `cheque_book_id` int(100) NOT NULL,
  `cheque_id` int(100) NOT NULL,
  `cheque_book_amount` double NOT NULL,
  `cheque_book_doc` date NOT NULL,
  `cheque_book_dom` date NOT NULL,
  `cheque_book_creator` int(100) NOT NULL
) ENGINE=InnoDB DEFAULT CHARSET=latin1;

-- --------------------------------------------------------

--
-- Table structure for table `distributor_info`
--

CREATE TABLE `distributor_info` (
  `distributor_id` int(100) NOT NULL,
  `distributor_name` varchar(250) NOT NULL,
  `distributor_address` varchar(250) NOT NULL,
  `distributor_contact_no` varchar(250) NOT NULL,
  `distributor_email` varchar(250) NOT NULL,
  `distributor_description` varchar(250) NOT NULL,
  `int_balance` float NOT NULL,
  `distributor_creator` varchar(250) NOT NULL,
  `distributor_doc` timestamp NOT NULL DEFAULT CURRENT_TIMESTAMP,
  `distributor_dom` timestamp NULL DEFAULT NULL ON UPDATE CURRENT_TIMESTAMP
) ENGINE=InnoDB DEFAULT CHARSET=latin1;

--
-- Dumping data for table `distributor_info`
--

INSERT INTO `distributor_info` (`distributor_id`, `distributor_name`, `distributor_address`, `distributor_contact_no`, `distributor_email`, `distributor_description`, `int_balance`, `distributor_creator`, `distributor_doc`, `distributor_dom`) VALUES
(1, 'UTTARA MOTORS ', 'UTTAR KAJITOLA , SYLHET.', '01714008467', 'N/A', 'N/A', 0, '12', '2019-09-08 11:53:08', '2019-09-10 07:21:58');

-- --------------------------------------------------------

--
-- Table structure for table `employee_info`
--

CREATE TABLE `employee_info` (
  `employee_id` int(100) NOT NULL,
  `employee_name` varchar(250) DEFAULT NULL,
  `employee_contact_no` varchar(250) DEFAULT NULL,
  `employee_type` varchar(250) NOT NULL,
  `employee_address` varchar(250) DEFAULT NULL,
  `employee_email` varchar(250) DEFAULT NULL,
  `int_balance` float NOT NULL,
  `employee_creator` varchar(250) NOT NULL,
  `employee_doc` timestamp NOT NULL DEFAULT CURRENT_TIMESTAMP,
  `employee_dom` timestamp NOT NULL DEFAULT '0000-00-00 00:00:00' ON UPDATE CURRENT_TIMESTAMP
) ENGINE=InnoDB DEFAULT CHARSET=latin1;

-- --------------------------------------------------------

--
-- Table structure for table `employee_salary`
--

CREATE TABLE `employee_salary` (
  `salary_id` int(6) NOT NULL,
  `user_id` int(4) NOT NULL,
  `salary_amount` double NOT NULL,
  `extra_payment` double DEFAULT NULL,
  `reduced_amount` double DEFAULT NULL,
  `salary_status` tinyint(1) NOT NULL,
  `salary_creator` int(4) NOT NULL,
  `salary_doc` timestamp NOT NULL DEFAULT CURRENT_TIMESTAMP ON UPDATE CURRENT_TIMESTAMP
) ENGINE=InnoDB DEFAULT CHARSET=latin1;

-- --------------------------------------------------------

--
-- Table structure for table `employee_salary_log`
--

CREATE TABLE `employee_salary_log` (
  `salary_log_id` int(6) NOT NULL,
  `user_id` int(4) NOT NULL,
  `salary_amount` double NOT NULL,
  `extra_payment` double NOT NULL,
  `reduced_amount` double NOT NULL,
  `salary_month` char(5) NOT NULL,
  `salary_year` int(4) NOT NULL,
  `mode` char(10) NOT NULL,
  `salary_doc` timestamp NOT NULL DEFAULT CURRENT_TIMESTAMP ON UPDATE CURRENT_TIMESTAMP,
  `salary_creator` int(4) NOT NULL,
  `salary_status` tinyint(1) NOT NULL
) ENGINE=InnoDB DEFAULT CHARSET=latin1;

-- --------------------------------------------------------

--
-- Table structure for table `exchange_return_details_tbl`
--

CREATE TABLE `exchange_return_details_tbl` (
  `id` int(5) NOT NULL,
  `exchange_return_id` int(5) NOT NULL,
  `product_id` int(5) NOT NULL,
  `product_name` varchar(50) NOT NULL,
  `exchange_quantity` int(5) NOT NULL,
  `unit_price` float NOT NULL,
  `total_price` float NOT NULL,
  `status1` varchar(10) NOT NULL,
  `status2` varchar(10) NOT NULL
) ENGINE=InnoDB DEFAULT CHARSET=latin1;

-- --------------------------------------------------------

--
-- Table structure for table `exchange_return_tbl`
--

CREATE TABLE `exchange_return_tbl` (
  `exchange_return_id` int(5) NOT NULL,
  `exchange_return_creator` int(5) NOT NULL,
  `status` varchar(8) NOT NULL,
  `total_amount_ex` float NOT NULL,
  `total_amount_re` float NOT NULL,
  `exchange_return_doc` varchar(20) NOT NULL
) ENGINE=InnoDB DEFAULT CHARSET=latin1;

-- --------------------------------------------------------

--
-- Table structure for table `expense_info`
--

CREATE TABLE `expense_info` (
  `expense_id` int(100) NOT NULL,
  `shop_id` int(10) NOT NULL,
  `service_provider_id` int(100) NOT NULL,
  `employee_id` int(11) DEFAULT NULL,
  `expense_type` varchar(250) NOT NULL,
  `expense_amount` float NOT NULL,
  `expense_details` varchar(250) NOT NULL,
  `total_paid` float DEFAULT NULL,
  `expense_creator` varchar(250) NOT NULL,
  `expense_doc` timestamp NOT NULL DEFAULT CURRENT_TIMESTAMP,
  `expense_dom` timestamp NOT NULL DEFAULT CURRENT_TIMESTAMP ON UPDATE CURRENT_TIMESTAMP
) ENGINE=InnoDB DEFAULT CHARSET=latin1;

-- --------------------------------------------------------

--
-- Table structure for table `gift_details`
--

CREATE TABLE `gift_details` (
  `gift_id` int(10) NOT NULL,
  `shop_id` int(10) NOT NULL,
  `gift_from` int(10) NOT NULL,
  `gift_amount` double NOT NULL,
  `gift_doc` date NOT NULL,
  `gift_description` text NOT NULL,
  `gift_creator` int(100) NOT NULL,
  `gift_mode` varchar(250) NOT NULL,
  `total_paid` float NOT NULL,
  `gift_status` varchar(250) NOT NULL
) ENGINE=InnoDB DEFAULT CHARSET=latin1;

-- --------------------------------------------------------

--
-- Table structure for table `group_info`
--

CREATE TABLE `group_info` (
  `group_id` int(11) NOT NULL,
  `group_name` varchar(50) NOT NULL,
  `group_description` varchar(200) NOT NULL
) ENGINE=InnoDB DEFAULT CHARSET=latin1;

-- --------------------------------------------------------

--
-- Table structure for table `image_for_sale_listing`
--

CREATE TABLE `image_for_sale_listing` (
  `ifsl_id` int(11) NOT NULL,
  `user_id` int(11) NOT NULL,
  `customer_id` int(11) NOT NULL,
  `delivery_date` date NOT NULL,
  `remarks` text NOT NULL,
  `image` varchar(6) NOT NULL,
  `image_url` varchar(255) NOT NULL,
  `status` int(1) NOT NULL,
  `doc` date NOT NULL,
  `dom` date NOT NULL
) ENGINE=InnoDB DEFAULT CHARSET=latin1;

-- --------------------------------------------------------

--
-- Table structure for table `income_info`
--

CREATE TABLE `income_info` (
  `income_id` int(11) NOT NULL,
  `shop_id` int(11) DEFAULT NULL,
  `service_provider_id` int(11) DEFAULT NULL,
  `employee_id` int(11) DEFAULT NULL,
  `income_type` varchar(255) NOT NULL,
  `income_amount` float NOT NULL,
  `income_details` varchar(255) NOT NULL,
  `total_paid` float DEFAULT NULL,
  `income_creator` int(11) NOT NULL,
  `income_doc` timestamp NOT NULL DEFAULT CURRENT_TIMESTAMP,
  `income_dom` timestamp NOT NULL DEFAULT '0000-00-00 00:00:00' ON UPDATE CURRENT_TIMESTAMP
) ENGINE=InnoDB DEFAULT CHARSET=latin1;

-- --------------------------------------------------------

--
-- Table structure for table `investment_info`
--

CREATE TABLE `investment_info` (
  `investment_id` int(25) NOT NULL,
  `shop_id` int(10) NOT NULL,
  `investor_id` int(25) NOT NULL,
  `investment_details` varchar(250) NOT NULL,
  `investment_amount` float NOT NULL,
  `total_paid` float NOT NULL,
  `investment_doc` date NOT NULL,
  `investment_dom` date NOT NULL,
  `investment_creator` int(50) NOT NULL
) ENGINE=InnoDB DEFAULT CHARSET=latin1;

-- --------------------------------------------------------

--
-- Table structure for table `investor_info`
--

CREATE TABLE `investor_info` (
  `investor_id` int(25) NOT NULL,
  `investor_name` varchar(250) NOT NULL,
  `investor_contact_no` varchar(250) NOT NULL,
  `investor_email` varchar(250) NOT NULL,
  `investor_address` varchar(250) NOT NULL,
  `investor_description` varchar(250) NOT NULL,
  `investor_doc` date NOT NULL,
  `investor_dom` date NOT NULL,
  `investor_creator` int(50) NOT NULL
) ENGINE=InnoDB DEFAULT CHARSET=latin1;

-- --------------------------------------------------------

--
-- Table structure for table `invoice_info`
--

CREATE TABLE `invoice_info` (
  `invoice_id` int(100) NOT NULL,
  `shop_id` int(3) DEFAULT NULL,
  `sells_log_id` int(11) NOT NULL,
  `payment_mode` varchar(300) NOT NULL,
  `totalamount` int(20) NOT NULL,
  `invoice_creator` varchar(300) DEFAULT NULL,
  `date_time` timestamp NOT NULL DEFAULT CURRENT_TIMESTAMP ON UPDATE CURRENT_TIMESTAMP,
  `invoice_doc` timestamp NOT NULL DEFAULT CURRENT_TIMESTAMP,
  `invoice_dom` datetime NOT NULL ON UPDATE CURRENT_TIMESTAMP
) ENGINE=InnoDB DEFAULT CHARSET=latin1;

--
-- Dumping data for table `invoice_info`
--

INSERT INTO `invoice_info` (`invoice_id`, `shop_id`, `sells_log_id`, `payment_mode`, `totalamount`, `invoice_creator`, `date_time`, `invoice_doc`, `invoice_dom`) VALUES
(1, 1, 1, 'cash', 0, '12', '2019-09-08 12:02:07', '2019-09-08 12:02:07', '0000-00-00 00:00:00'),
(2, 1, 2, 'cash', 0, '12', '2019-09-08 12:09:10', '2019-09-08 12:09:10', '0000-00-00 00:00:00'),
(3, 1, 3, 'cash', 0, '12', '2019-09-09 04:44:00', '2019-09-09 04:44:00', '0000-00-00 00:00:00'),
(4, 1, 4, 'cash', 0, '12', '2019-09-09 04:55:52', '2019-09-09 04:55:52', '0000-00-00 00:00:00'),
(5, 1, 5, 'cash', 0, '12', '2019-09-09 05:07:08', '2019-09-09 05:07:08', '0000-00-00 00:00:00'),
(6, 1, 6, 'cash', 0, '12', '2019-09-09 05:15:39', '2019-09-09 05:15:39', '0000-00-00 00:00:00'),
(7, 1, 11, 'cash', -3, '12', '2019-09-09 05:24:25', '2019-09-09 05:24:25', '0000-00-00 00:00:00'),
(8, 1, 12, 'cash', 0, '12', '2019-09-09 05:33:59', '2019-09-09 05:33:59', '0000-00-00 00:00:00'),
(9, 1, 13, 'cash', 0, '12', '2019-09-09 05:38:07', '2019-09-09 05:38:07', '0000-00-00 00:00:00'),
(10, 1, 14, 'cash', 0, '12', '2019-09-09 05:46:20', '2019-09-09 05:46:20', '0000-00-00 00:00:00'),
(11, 1, 17, 'cash', 0, '12', '2019-09-09 05:50:32', '2019-09-09 05:50:32', '0000-00-00 00:00:00'),
(12, 1, 18, 'cash', 0, '12', '2019-09-09 06:10:29', '2019-09-09 06:10:29', '0000-00-00 00:00:00'),
(13, 1, 21, 'cash', 0, '12', '2019-09-09 06:15:44', '2019-09-09 06:15:44', '0000-00-00 00:00:00'),
(14, 1, 23, 'cash', 0, '12', '2019-09-09 06:19:50', '2019-09-09 06:19:50', '0000-00-00 00:00:00'),
(15, 1, 2009001, 'cash', -1, '12', '2019-09-09 07:15:16', '2019-09-09 07:15:16', '0000-00-00 00:00:00'),
(16, 1, 2009010, 'cash', 0, '12', '2019-09-09 07:21:56', '2019-09-09 07:21:56', '0000-00-00 00:00:00'),
(17, 1, 2009020, 'cash', 0, '12', '2019-09-09 08:25:19', '2019-09-09 08:25:19', '0000-00-00 00:00:00'),
(18, 1, 2009039, 'cash', 0, '12', '2019-09-09 08:43:29', '2019-09-09 08:43:29', '0000-00-00 00:00:00'),
(19, 1, 2009044, 'cash', 0, '12', '2019-09-09 08:59:47', '2019-09-09 08:59:47', '0000-00-00 00:00:00'),
(20, 1, 2009023, 'cash', 0, '12', '2019-09-09 09:08:06', '2019-09-09 09:08:06', '0000-00-00 00:00:00'),
(21, 1, 2009069, 'cash', 0, '12', '2019-09-09 09:25:08', '2019-09-09 09:25:08', '0000-00-00 00:00:00'),
(22, 1, 2009070, 'cash', 0, '12', '2019-09-09 09:30:13', '2019-09-09 09:30:13', '0000-00-00 00:00:00'),
(23, 1, 20100118, 'cash', 0, '12', '2019-09-09 10:53:42', '2019-09-09 10:53:42', '0000-00-00 00:00:00'),
(24, 1, 2010031, 'cash', 0, '12', '2019-09-09 11:32:42', '2019-09-09 11:32:42', '0000-00-00 00:00:00'),
(25, 1, 20100141, 'cash', 0, '12', '2019-09-09 11:38:26', '2019-09-09 11:38:26', '0000-00-00 00:00:00'),
(26, 1, 2010013, 'cash', 0, '12', '2019-09-09 13:12:58', '2019-09-09 13:12:58', '0000-00-00 00:00:00'),
(27, 1, 20100142, 'cash', 0, '12', '2019-09-09 13:24:00', '2019-09-09 13:24:00', '0000-00-00 00:00:00'),
(28, 1, 20100177, 'cash', 0, '12', '2019-09-09 13:34:57', '2019-09-09 13:34:57', '0000-00-00 00:00:00'),
(29, 1, 20110247, 'cash', 0, '12', '2019-09-09 13:40:52', '2019-09-09 13:40:52', '0000-00-00 00:00:00'),
(30, 1, 20120671, 'cash', 0, '12', '2019-09-09 14:04:13', '2019-09-09 14:04:13', '0000-00-00 00:00:00'),
(31, 1, 201502970, 'cash', 0, '12', '2019-09-09 14:12:02', '2019-09-09 14:12:02', '0000-00-00 00:00:00'),
(32, 1, 201502980, 'cash', 0, '12', '2019-09-09 14:22:55', '2019-09-09 14:22:55', '0000-00-00 00:00:00'),
(33, 1, 201502981, 'cash', 0, '12', '2019-09-09 14:29:09', '2019-09-09 14:29:09', '0000-00-00 00:00:00'),
(34, 1, 201502985, 'cash', 0, '12', '2019-09-09 14:33:01', '2019-09-09 14:33:01', '0000-00-00 00:00:00'),
(35, 1, 201502989, 'cash', 0, '12', '2019-09-09 14:37:58', '2019-09-09 14:37:58', '0000-00-00 00:00:00'),
(36, 1, 20153078, 'cash', 0, '12', '2019-09-10 07:35:36', '2019-09-10 07:35:36', '0000-00-00 00:00:00'),
(37, 1, 20153079, 'cash', 0, '12', '2019-09-10 07:40:12', '2019-09-10 07:40:12', '0000-00-00 00:00:00'),
(38, 1, 20153087, 'cash', 0, '12', '2019-09-10 07:43:30', '2019-09-10 07:43:30', '0000-00-00 00:00:00'),
(39, 1, 20153095, 'cash', 0, '12', '2019-09-10 07:48:26', '2019-09-10 07:48:26', '0000-00-00 00:00:00'),
(40, 1, 2015027, 'cash', 0, '12', '2019-09-10 07:52:06', '2019-09-10 07:52:06', '0000-00-00 00:00:00'),
(41, 1, 2015082, 'cash', 0, '12', '2019-09-10 07:54:55', '2019-09-10 07:54:55', '0000-00-00 00:00:00'),
(42, 1, 20150149, 'cash', 0, '12', '2019-09-10 08:01:45', '2019-09-10 08:01:45', '0000-00-00 00:00:00'),
(43, 1, 20150182, 'cash', 0, '12', '2019-09-10 08:32:00', '2019-09-10 08:32:00', '0000-00-00 00:00:00'),
(44, 1, 20150227, 'cash', 0, '12', '2019-09-10 08:38:02', '2019-09-10 08:38:02', '0000-00-00 00:00:00'),
(45, 1, 20150333, 'cash', 0, '12', '2019-09-10 08:53:40', '2019-09-10 08:53:40', '0000-00-00 00:00:00'),
(46, 1, 20150437, 'cash', 0, '12', '2019-09-10 08:57:51', '2019-09-10 08:57:51', '0000-00-00 00:00:00'),
(47, 1, 20160482, 'cash', 0, '12', '2019-09-10 09:01:39', '2019-09-10 09:01:39', '0000-00-00 00:00:00'),
(48, 1, 20160516, 'cash', 0, '12', '2019-09-10 09:05:13', '2019-09-10 09:05:13', '0000-00-00 00:00:00'),
(49, 1, 20160548, 'cash', 0, '12', '2019-09-10 09:08:15', '2019-09-10 09:08:15', '0000-00-00 00:00:00'),
(50, 1, 20160621, 'cash', 0, '12', '2019-09-10 09:16:37', '2019-09-10 09:16:37', '0000-00-00 00:00:00'),
(51, 1, 20160641, 'cash', 0, '12', '2019-09-10 09:23:24', '2019-09-10 09:23:24', '0000-00-00 00:00:00'),
(52, 1, 20160672, 'cash', -3, '12', '2019-09-11 07:31:58', '2019-09-11 07:31:58', '0000-00-00 00:00:00'),
(53, 1, 20160706, 'cash', 0, '12', '2019-09-11 07:48:41', '2019-09-11 07:48:41', '0000-00-00 00:00:00'),
(54, 1, 20160716, 'cash', 0, '12', '2019-09-11 07:52:09', '2019-09-11 07:52:09', '0000-00-00 00:00:00'),
(55, 1, 201502990, 'cash', 0, '12', '2019-09-11 08:46:14', '2019-09-11 08:46:14', '0000-00-00 00:00:00'),
(56, 1, 20160717, 'cash', 0, '12', '2019-09-11 11:07:54', '2019-09-11 11:07:54', '0000-00-00 00:00:00'),
(57, 1, 20160787, 'cash', 0, '12', '2019-09-11 11:36:09', '2019-09-11 11:36:09', '0000-00-00 00:00:00'),
(58, 1, 20160879, 'cash', 0, '12', '2019-09-11 11:43:30', '2019-09-11 11:43:30', '0000-00-00 00:00:00'),
(59, 1, 20160925, 'cash', 0, '12', '2019-09-12 04:02:52', '2019-09-12 04:02:52', '0000-00-00 00:00:00'),
(60, 1, 20161085, 'cash', 0, '12', '2019-09-12 04:05:58', '2019-09-12 04:05:58', '0000-00-00 00:00:00'),
(61, 1, 20171278, 'cash', 0, '12', '2019-09-12 04:12:09', '2019-09-12 04:12:09', '0000-00-00 00:00:00'),
(62, 1, 20171307, 'cash', 0, '12', '2019-09-12 04:15:28', '2019-09-12 04:15:28', '0000-00-00 00:00:00'),
(63, 1, 20171377, 'cash', 0, '12', '2019-09-12 04:23:48', '2019-09-12 04:23:48', '0000-00-00 00:00:00'),
(64, 1, 20171390, 'cash', 0, '12', '2019-09-12 06:39:32', '2019-09-12 06:39:32', '0000-00-00 00:00:00'),
(65, 1, 20171504, 'cash', 0, '12', '2019-09-12 06:44:09', '2019-09-12 06:44:09', '0000-00-00 00:00:00'),
(66, 1, 20171523, 'cash', 0, '12', '2019-09-12 06:52:01', '2019-09-12 06:52:01', '0000-00-00 00:00:00'),
(67, 1, 20171776, 'cash', 0, '12', '2019-09-12 07:39:02', '2019-09-12 07:39:02', '0000-00-00 00:00:00'),
(68, 1, 20171835, 'cash', 0, '12', '2019-09-12 08:08:59', '2019-09-12 08:08:59', '0000-00-00 00:00:00'),
(69, 1, 20171890, 'cash', 0, '12', '2019-09-12 08:15:31', '2019-09-12 08:15:31', '0000-00-00 00:00:00'),
(70, 1, 20172006, 'cash', 0, '12', '2019-09-12 08:20:00', '2019-09-12 08:20:00', '0000-00-00 00:00:00'),
(71, 1, 20172055, 'cash', 0, '12', '2019-09-12 08:23:36', '2019-09-12 08:23:36', '0000-00-00 00:00:00'),
(72, 1, 20172061, 'cash', 0, '12', '2019-09-12 08:28:02', '2019-09-12 08:28:02', '0000-00-00 00:00:00'),
(73, 1, 20172096, 'cash', 0, '12', '2019-09-12 08:37:18', '2019-09-12 08:37:18', '0000-00-00 00:00:00'),
(74, 1, 20172118, 'cash', 0, '12', '2019-09-12 08:40:25', '2019-09-12 08:40:25', '0000-00-00 00:00:00'),
(75, 1, 20172170, 'cash', 0, '12', '2019-09-12 08:49:12', '2019-09-12 08:49:12', '0000-00-00 00:00:00'),
(76, 1, 20182250, 'cash', 0, '12', '2019-09-12 08:54:02', '2019-09-12 08:54:02', '0000-00-00 00:00:00'),
(77, 1, 20182314, 'cash', 0, '12', '2019-09-12 09:08:30', '2019-09-12 09:08:30', '0000-00-00 00:00:00'),
(78, 1, 20182369, 'cash', 0, '12', '2019-09-12 09:54:50', '2019-09-12 09:54:50', '0000-00-00 00:00:00'),
(79, 1, 20182372, 'cash', 0, '12', '2019-09-12 09:57:18', '2019-09-12 09:57:18', '0000-00-00 00:00:00'),
(80, 1, 20182417, 'cash', 0, '12', '2019-09-12 09:59:44', '2019-09-12 09:59:44', '0000-00-00 00:00:00'),
(81, 1, 20182419, 'cash', 0, '12', '2019-09-12 10:02:12', '2019-09-12 10:02:12', '0000-00-00 00:00:00'),
(82, 1, 20182427, 'cash', 0, '12', '2019-09-12 10:04:50', '2019-09-12 10:04:50', '0000-00-00 00:00:00'),
(83, 1, 20182458, 'cash', 0, '12', '2019-09-12 10:07:48', '2019-09-12 10:07:48', '0000-00-00 00:00:00'),
(84, 1, 20182469, 'cash', 0, '12', '2019-09-12 10:12:39', '2019-09-12 10:12:39', '0000-00-00 00:00:00'),
(85, 1, 20182518, 'cash', 0, '12', '2019-09-12 10:15:03', '2019-09-12 10:15:03', '0000-00-00 00:00:00'),
(86, 1, 20182533, 'cash', 0, '12', '2019-09-12 10:19:36', '2019-09-12 10:19:36', '0000-00-00 00:00:00'),
(87, 1, 20182537, 'cash', 0, '12', '2019-09-14 05:20:12', '2019-09-14 05:20:12', '0000-00-00 00:00:00'),
(88, 1, 20182548, 'cash', 0, '12', '2019-09-14 05:23:32', '2019-09-14 05:23:32', '0000-00-00 00:00:00'),
(89, 1, 20182592, 'cash', 0, '12', '2019-09-14 05:26:26', '2019-09-14 05:26:26', '0000-00-00 00:00:00'),
(90, 1, 20182594, 'cash', 0, '12', '2019-09-14 05:32:43', '2019-09-14 05:32:43', '0000-00-00 00:00:00'),
(91, 1, 20182006, 'cash', 0, '12', '2019-09-14 05:48:28', '2019-09-14 05:48:28', '0000-00-00 00:00:00'),
(92, 1, 20182629, 'cash', 0, '12', '2019-09-14 05:50:56', '2019-09-14 05:50:56', '0000-00-00 00:00:00'),
(93, 1, 20182644, 'cash', 0, '12', '2019-09-14 05:53:26', '2019-09-14 05:53:26', '0000-00-00 00:00:00'),
(94, 1, 20182654, 'cash', 0, '12', '2019-09-14 06:04:14', '2019-09-14 06:04:14', '0000-00-00 00:00:00'),
(95, 1, 20182663, 'cash', 0, '12', '2019-09-14 06:06:44', '2019-09-14 06:06:44', '0000-00-00 00:00:00'),
(96, 1, 20182664, 'cash', 0, '12', '2019-09-14 06:28:40', '2019-09-14 06:28:40', '0000-00-00 00:00:00'),
(97, 1, 20182671, 'cash', 0, '12', '2019-09-14 06:31:30', '2019-09-14 06:31:30', '0000-00-00 00:00:00'),
(98, 1, 20182680, 'cash', 0, '12', '2019-09-14 06:39:07', '2019-09-14 06:39:07', '0000-00-00 00:00:00'),
(99, 1, 20182685, 'cash', 0, '12', '2019-09-14 06:43:15', '2019-09-14 06:43:15', '0000-00-00 00:00:00'),
(100, 1, 20182728, 'cash', 0, '12', '2019-09-14 06:46:42', '2019-09-14 06:46:42', '0000-00-00 00:00:00'),
(101, 1, 20182730, 'cash', 0, '12', '2019-09-14 07:09:22', '2019-09-14 07:09:22', '0000-00-00 00:00:00'),
(102, 1, 20182731, 'cash', 0, '12', '2019-09-14 07:17:56', '2019-09-14 07:17:56', '0000-00-00 00:00:00'),
(103, 1, 20182732, 'cash', 0, '12', '2019-09-14 07:20:54', '2019-09-14 07:20:54', '0000-00-00 00:00:00'),
(104, 1, 20182739, 'cash', 0, '12', '2019-09-14 07:40:33', '2019-09-14 07:40:33', '0000-00-00 00:00:00'),
(105, 1, 20182771, 'cash', 0, '12', '2019-09-14 07:43:45', '2019-09-14 07:43:45', '0000-00-00 00:00:00'),
(106, 1, 20182791, 'cash', 0, '12', '2019-09-14 07:47:20', '2019-09-14 07:47:20', '0000-00-00 00:00:00'),
(107, 1, 20182814, 'cash', 0, '12', '2019-09-14 07:53:29', '2019-09-14 07:53:29', '0000-00-00 00:00:00'),
(108, 1, 20182833, 'cash', 0, '12', '2019-09-14 07:56:12', '2019-09-14 07:56:12', '0000-00-00 00:00:00'),
(109, 1, 201502991, 'cash', 40000, '12', '2019-09-16 05:46:29', '2019-09-16 05:46:29', '0000-00-00 00:00:00'),
(110, 1, 20100106, 'cash', 0, '12', '2019-09-19 08:26:30', '2019-09-19 08:26:30', '0000-00-00 00:00:00'),
(111, 1, 20100119, 'cash', 0, '12', '2019-09-19 08:33:45', '2019-09-19 08:33:45', '0000-00-00 00:00:00'),
(112, 1, 20182860, 'cash', 0, '12', '2019-09-20 05:33:03', '2019-09-20 05:33:03', '0000-00-00 00:00:00'),
(113, 1, 20182890, 'cash', 0, '12', '2019-09-20 05:39:05', '2019-09-20 05:39:05', '0000-00-00 00:00:00'),
(114, 1, 20182891, 'cash', 0, '12', '2019-09-20 05:42:37', '2019-09-20 05:42:37', '0000-00-00 00:00:00'),
(115, 1, 20182911, 'cash', 0, '12', '2019-09-20 05:55:17', '2019-09-20 05:55:17', '0000-00-00 00:00:00'),
(116, 1, 20182940, 'cash', 0, '12', '2019-09-20 05:58:18', '2019-09-20 05:58:18', '0000-00-00 00:00:00'),
(117, 1, 20182948, 'cash', 0, '12', '2019-09-20 06:01:29', '2019-09-20 06:01:29', '0000-00-00 00:00:00'),
(118, 1, 20182950, 'cash', 0, '12', '2019-09-20 06:05:28', '2019-09-20 06:05:28', '0000-00-00 00:00:00'),
(119, 1, 20182957, 'cash', 0, '12', '2019-09-20 06:08:36', '2019-09-20 06:08:36', '0000-00-00 00:00:00'),
(120, 1, 20182969, 'cash', 0, '12', '2019-09-20 06:15:03', '2019-09-20 06:15:03', '0000-00-00 00:00:00'),
(121, 1, 20182986, 'cash', 0, '12', '2019-09-20 06:21:42', '2019-09-20 06:21:42', '0000-00-00 00:00:00'),
(122, 1, 20183010, 'cash', 0, '12', '2019-09-20 06:25:01', '2019-09-20 06:25:01', '0000-00-00 00:00:00'),
(123, 1, 20183011, 'cash', 0, '12', '2019-09-20 06:27:59', '2019-09-20 06:27:59', '0000-00-00 00:00:00'),
(124, 1, 20183025, 'cash', 0, '12', '2019-09-20 06:33:17', '2019-09-20 06:33:17', '0000-00-00 00:00:00'),
(125, 1, 20183034, 'cash', 0, '12', '2019-09-20 06:35:45', '2019-09-20 06:35:45', '0000-00-00 00:00:00'),
(126, 1, 20183037, 'cash', 0, '12', '2019-09-20 06:38:46', '2019-09-20 06:38:46', '0000-00-00 00:00:00'),
(127, 1, 20183050, 'cash', 0, '12', '2019-09-20 06:41:30', '2019-09-20 06:41:30', '0000-00-00 00:00:00'),
(128, 1, 20183053, 'cash', 0, '12', '2019-09-20 06:44:36', '2019-09-20 06:44:36', '0000-00-00 00:00:00'),
(129, 1, 20183103, 'cash', 0, '12', '2019-09-20 06:49:24', '2019-09-20 06:49:24', '0000-00-00 00:00:00'),
(130, 1, 20183108, 'cash', 0, '12', '2019-09-20 06:52:21', '2019-09-20 06:52:21', '0000-00-00 00:00:00'),
(131, 1, 20183147, 'cash', 0, '12', '2019-09-20 06:55:47', '2019-09-20 06:55:47', '0000-00-00 00:00:00'),
(132, 1, 20183213, 'cash', 0, '12', '2019-09-20 06:59:00', '2019-09-20 06:59:00', '0000-00-00 00:00:00'),
(133, 1, 20183216, 'cash', 0, '12', '2019-09-20 07:15:15', '2019-09-20 07:15:15', '0000-00-00 00:00:00'),
(134, 1, 20183290, 'cash', 0, '12', '2019-09-20 07:18:19', '2019-09-20 07:18:19', '0000-00-00 00:00:00'),
(135, 1, 20183310, 'cash', 0, '12', '2019-09-20 07:21:16', '2019-09-20 07:21:16', '0000-00-00 00:00:00'),
(136, 1, 20183316, 'cash', 0, '12', '2019-09-20 07:24:32', '2019-09-20 07:24:32', '0000-00-00 00:00:00'),
(137, 1, 20183352, 'cash', 0, '12', '2019-09-20 07:28:19', '2019-09-20 07:28:19', '0000-00-00 00:00:00'),
(138, 1, 20183377, 'cash', 0, '12', '2019-09-20 07:31:26', '2019-09-20 07:31:26', '0000-00-00 00:00:00'),
(139, 1, 20183414, 'cash', 0, '12', '2019-09-20 07:34:19', '2019-09-20 07:34:19', '0000-00-00 00:00:00'),
(140, 1, 20183430, 'cash', 0, '12', '2019-09-20 07:37:05', '2019-09-20 07:37:05', '0000-00-00 00:00:00'),
(141, 1, 20183431, 'cash', 0, '12', '2019-09-20 07:39:55', '2019-09-20 07:39:55', '0000-00-00 00:00:00'),
(142, 1, 20183453, 'cash', 0, '12', '2019-09-20 07:42:39', '2019-09-20 07:42:39', '0000-00-00 00:00:00'),
(143, 1, 20183496, 'cash', 0, '12', '2019-09-20 07:45:25', '2019-09-20 07:45:25', '0000-00-00 00:00:00'),
(144, 1, 20183504, 'cash', 0, '12', '2019-09-20 07:48:16', '2019-09-20 07:48:16', '0000-00-00 00:00:00'),
(145, 1, 20183510, 'cash', 0, '12', '2019-09-20 07:50:43', '2019-09-20 07:50:43', '0000-00-00 00:00:00'),
(146, 1, 20183552, 'cash', 0, '12', '2019-09-20 07:53:22', '2019-09-20 07:53:22', '0000-00-00 00:00:00'),
(147, 1, 20183574, 'cash', 0, '12', '2019-09-20 07:57:16', '2019-09-20 07:57:16', '0000-00-00 00:00:00'),
(148, 1, 20183576, 'cash', 0, '12', '2019-09-20 08:00:13', '2019-09-20 08:00:13', '0000-00-00 00:00:00'),
(149, 1, 20183584, 'cash', 0, '12', '2019-09-20 08:02:51', '2019-09-20 08:02:51', '0000-00-00 00:00:00'),
(150, 1, 20183654, 'cash', 0, '12', '2019-09-20 09:28:37', '2019-09-20 09:28:37', '0000-00-00 00:00:00'),
(151, 1, 20183662, 'cash', 0, '12', '2019-09-20 09:40:24', '2019-09-20 09:40:24', '0000-00-00 00:00:00'),
(152, 1, 20183704, 'cash', 0, '12', '2019-09-20 09:47:46', '2019-09-20 09:47:46', '0000-00-00 00:00:00'),
(153, 1, 20183732, 'cash', 0, '12', '2019-09-20 09:50:38', '2019-09-20 09:50:38', '0000-00-00 00:00:00'),
(154, 1, 20183741, 'cash', 0, '12', '2019-09-20 09:54:35', '2019-09-20 09:54:35', '0000-00-00 00:00:00'),
(155, 1, 20183751, 'cash', 0, '12', '2019-09-20 09:57:18', '2019-09-20 09:57:18', '0000-00-00 00:00:00'),
(156, 1, 20183757, 'cash', 0, '12', '2019-09-26 04:52:52', '2019-09-26 04:52:52', '0000-00-00 00:00:00'),
(157, 1, 20183786, 'cash', 0, '12', '2019-09-26 05:03:16', '2019-09-26 05:03:16', '0000-00-00 00:00:00'),
(158, 1, 20183790, 'cash', 0, '12', '2019-09-26 05:06:19', '2019-09-26 05:06:19', '0000-00-00 00:00:00'),
(159, 1, 20183802, 'cash', 0, '12', '2019-09-26 05:23:45', '2019-09-26 05:23:45', '0000-00-00 00:00:00'),
(160, 1, 20193848, 'cash', 0, '12', '2019-09-26 05:26:32', '2019-09-26 05:26:32', '0000-00-00 00:00:00'),
(161, 1, 20193858, 'cash', 0, '12', '2019-09-26 05:31:48', '2019-09-26 05:31:48', '0000-00-00 00:00:00'),
(162, 1, 20193874, 'cash', 0, '12', '2019-09-26 05:34:22', '2019-09-26 05:34:22', '0000-00-00 00:00:00'),
(163, 1, 20193905, 'cash', 0, '12', '2019-09-26 05:37:08', '2019-09-26 05:37:08', '0000-00-00 00:00:00'),
(164, 1, 201502992, 'cash', 0, '12', '2019-09-26 05:52:31', '2019-09-26 05:52:31', '0000-00-00 00:00:00'),
(165, 1, 20193924, 'cash', 0, '12', '2019-09-26 06:08:35', '2019-09-26 06:08:35', '0000-00-00 00:00:00'),
(166, 1, 20193937, 'cash', 0, '12', '2019-09-26 06:32:30', '2019-09-26 06:32:30', '0000-00-00 00:00:00'),
(167, 1, 20193939, 'cash', 50000, '12', '2019-09-26 08:47:21', '2019-09-26 08:47:21', '0000-00-00 00:00:00'),
(168, 1, 20193939, 'cash', 8351, '12', '2019-09-26 08:49:27', '2019-09-26 08:49:27', '0000-00-00 00:00:00'),
(169, 1, 20193939, 'cash', 8351, '12', '2019-09-26 08:50:29', '2019-09-26 08:50:29', '0000-00-00 00:00:00'),
(170, 1, 20193939, 'cash', 8300, '12', '2019-09-26 08:51:22', '2019-09-26 08:51:22', '0000-00-00 00:00:00'),
(171, 1, 20193951, 'cash', 50000, '12', '2019-09-26 09:02:20', '2019-09-26 09:02:20', '0000-00-00 00:00:00'),
(172, 1, 20194039, 'cash', 50000, '12', '2019-09-26 09:22:21', '2019-09-26 09:22:21', '0000-00-00 00:00:00'),
(173, 1, 20193951, 'cash', 20000, '12', '2019-09-26 09:23:45', '2019-09-26 09:23:45', '0000-00-00 00:00:00'),
(174, 1, 20193951, 'cash', 15000, '12', '2019-09-26 09:24:25', '2019-09-26 09:24:25', '0000-00-00 00:00:00'),
(175, 1, 20193953, 'cash', 0, '12', '2019-09-26 10:00:18', '2019-09-26 10:00:18', '0000-00-00 00:00:00');

-- --------------------------------------------------------

--
-- Table structure for table `loan_details_info`
--

CREATE TABLE `loan_details_info` (
  `loan_details_id` int(10) NOT NULL,
  `loan_mode` tinyint(2) NOT NULL,
  `loan_seeker_id` int(10) NOT NULL,
  `loan_amount` double NOT NULL,
  `total_paid` double NOT NULL,
  `description` varchar(200) DEFAULT NULL,
  `receive_amount` int(8) NOT NULL,
  `doc` date NOT NULL,
  `dom` date NOT NULL,
  `creator` int(10) NOT NULL,
  `status` tinyint(1) NOT NULL
) ENGINE=InnoDB DEFAULT CHARSET=latin1;

-- --------------------------------------------------------

--
-- Table structure for table `loan_person_info`
--

CREATE TABLE `loan_person_info` (
  `lp_id` int(100) NOT NULL,
  `loan_person_name` varchar(250) NOT NULL,
  `loan_person_type` varchar(250) NOT NULL,
  `loan_person_contact` varchar(250) NOT NULL,
  `loan_person_address` varchar(250) NOT NULL,
  `loan_person_email` varchar(250) NOT NULL,
  `loan_person_description` text NOT NULL,
  `loan_person_doc` date NOT NULL,
  `loan_person_dom` date NOT NULL,
  `loan_person_creator` int(100) NOT NULL
) ENGINE=InnoDB DEFAULT CHARSET=latin1;

-- --------------------------------------------------------

--
-- Table structure for table `loan_seeker_info`
--

CREATE TABLE `loan_seeker_info` (
  `loan_seeker_id` int(10) NOT NULL,
  `loan_seeker_name` varchar(25) NOT NULL,
  `contact_no` varchar(15) NOT NULL,
  `email_address` varchar(20) DEFAULT NULL,
  `address` varchar(150) DEFAULT NULL,
  `description` varchar(200) DEFAULT NULL,
  `doc` date DEFAULT NULL,
  `status` tinyint(1) DEFAULT NULL,
  `creator` int(10) NOT NULL
) ENGINE=InnoDB DEFAULT CHARSET=latin1;

-- --------------------------------------------------------

--
-- Table structure for table `login_attempts`
--

CREATE TABLE `login_attempts` (
  `id` int(100) NOT NULL,
  `ip_address` varchar(250) COLLATE utf8_bin NOT NULL,
  `login` varchar(250) COLLATE utf8_bin NOT NULL,
  `time` timestamp NOT NULL DEFAULT CURRENT_TIMESTAMP ON UPDATE CURRENT_TIMESTAMP
) ENGINE=InnoDB DEFAULT CHARSET=utf8 COLLATE=utf8_bin;

-- --------------------------------------------------------

--
-- Table structure for table `owner_book`
--

CREATE TABLE `owner_book` (
  `ob_id` int(11) NOT NULL,
  `transaction_id` int(100) NOT NULL,
  `cash_cheque` varchar(10) NOT NULL,
  `transaction_type` varchar(3) NOT NULL,
  `cheque_no` varchar(30) NOT NULL,
  `cheque_date` date NOT NULL,
  `amount` float NOT NULL,
  `date` date NOT NULL,
  `status` varchar(10) NOT NULL,
  `creator` int(8) NOT NULL,
  `doc` date NOT NULL,
  `dom` date NOT NULL,
  `date_time` timestamp NOT NULL DEFAULT CURRENT_TIMESTAMP ON UPDATE CURRENT_TIMESTAMP
) ENGINE=InnoDB DEFAULT CHARSET=latin1;

-- --------------------------------------------------------

--
-- Table structure for table `owner_info`
--

CREATE TABLE `owner_info` (
  `owner_id` int(100) NOT NULL,
  `owner_name` varchar(250) NOT NULL,
  `owner_type` varchar(250) NOT NULL,
  `owner_contact` varchar(250) NOT NULL,
  `owner_address` varchar(250) NOT NULL,
  `owner_email` varchar(250) NOT NULL,
  `owner_description` text NOT NULL,
  `owner_doc` date NOT NULL,
  `owner_dom` date NOT NULL,
  `owner_creator` int(100) NOT NULL
) ENGINE=InnoDB DEFAULT CHARSET=latin1;

-- --------------------------------------------------------

--
-- Table structure for table `point_info`
--

CREATE TABLE `point_info` (
  `point_id` int(11) NOT NULL,
  `customer_id` int(30) NOT NULL,
  `total_point` int(20) NOT NULL,
  `withdraw_point` int(11) NOT NULL,
  `remain_point` int(11) NOT NULL
) ENGINE=InnoDB DEFAULT CHARSET=latin1;

-- --------------------------------------------------------

--
-- Table structure for table `product_info`
--

CREATE TABLE `product_info` (
  `product_id` int(100) NOT NULL,
  `product_name` varchar(250) CHARACTER SET utf8 NOT NULL,
  `product_model` varchar(255) CHARACTER SET utf8 NOT NULL,
  `catagory_id` int(250) NOT NULL,
  `company_id` int(250) DEFAULT NULL,
  `group_name` varchar(50) DEFAULT NULL,
  `product_type` varchar(250) DEFAULT NULL,
  `product_size` varchar(250) CHARACTER SET utf8 NOT NULL,
  `unit_id` char(15) NOT NULL,
  `barcode` varchar(100) NOT NULL,
  `product_description` varchar(250) DEFAULT NULL,
  `product_specification` varchar(250) NOT NULL,
  `product_warranty` int(11) NOT NULL,
  `product_creator` int(100) DEFAULT NULL,
  `product_status` tinyint(1) DEFAULT '1',
  `product_doc` timestamp NOT NULL DEFAULT CURRENT_TIMESTAMP,
  `product_dom` timestamp NOT NULL DEFAULT CURRENT_TIMESTAMP ON UPDATE CURRENT_TIMESTAMP
) ENGINE=InnoDB DEFAULT CHARSET=latin1;

--
-- Dumping data for table `product_info`
--

INSERT INTO `product_info` (`product_id`, `product_name`, `product_model`, `catagory_id`, `company_id`, `group_name`, `product_type`, `product_size`, `unit_id`, `barcode`, `product_description`, `product_specification`, `product_warranty`, `product_creator`, `product_status`, `product_doc`, `product_dom`) VALUES
(1, 'পালসার-160 সিসি এন.এস', 'পালসার-160 সিসি এন.এস', 2, 2, NULL, NULL, '160 ????', '1', '', NULL, '2', 24, 12, 1, '2019-09-04 05:58:37', '2019-09-08 13:58:02'),
(2, 'এভেঞ্জার-150 সিসি', 'এভেঞ্জার-150 সিসি', 2, 2, NULL, NULL, '150cc', '1', '', NULL, '2', 24, 12, 1, '2019-09-04 06:01:33', '2019-09-08 13:57:40'),
(3, 'পালসার-150 সিসি ডিডি', 'পালসার-150 সিসি ডিডি', 2, 2, NULL, NULL, '150cc', '1', '', NULL, '2', 24, 12, 1, '2019-09-04 06:03:11', '2019-09-08 13:57:18'),
(4, 'পালসার-150 সিসি এস.ডি', 'পালসার-150 সিসি এস.ডি', 2, 2, NULL, NULL, '150cc', '1', '', NULL, '2', 24, 12, 1, '2019-09-04 06:04:14', '2019-09-08 13:56:47'),
(5, 'বাজাজ ভি15-150 সিসি', 'বাজাজ ভি15-150 সিসি', 2, 2, NULL, NULL, '150cc', '1', '', NULL, '2', 24, 12, 1, '2019-09-04 06:05:10', '2019-09-08 13:56:26'),
(6, 'ডিসকভার-125 সিসি ডিস্ক', 'ডিসকভার-125 সিসি ডিস্ক', 2, 2, NULL, NULL, '125cc', '1', '', NULL, '2', 24, 12, 1, '2019-09-04 06:07:49', '2019-09-08 13:55:58'),
(7, 'ডিসকভার-110 সিসি', 'ডিসকভার-110 সিসি', 2, 2, NULL, NULL, '110cc', '1', '', NULL, '2', 24, 12, 1, '2019-09-04 06:08:28', '2019-09-08 13:55:37'),
(8, 'প্লাটিনা-100 সিসি', 'প্লাটিনা-100 সিসি', 2, 2, NULL, NULL, '100cc', '1', '', NULL, '2', 24, 12, 1, '2019-09-04 06:09:03', '2019-09-11 07:14:51'),
(9, 'সিটি-100 সিসি কে.এস', 'সিটি-100 সিসি কে.এস', 2, 2, NULL, NULL, '100cc', '1', '', NULL, '2', 24, 12, 1, '2019-09-04 06:09:37', '2019-09-08 13:54:36'),
(10, ' সিটি-100 সিসি ই.এস', ' সিটি-100 সিসি ই.এস', 2, 2, NULL, NULL, '100cc', '1', '', NULL, '2', 24, 12, 1, '2019-09-04 06:10:18', '2019-09-08 12:17:59'),
(11, 'সিটি-100 সিসি বি', 'সিটি-100 সিসি বি', 2, 2, NULL, NULL, '100cc', '1', '', NULL, '2', 24, 12, 1, '2019-09-04 06:10:56', '2019-09-08 12:17:29'),
(12, 'বক্সার এস- ১০০ সি সি', 'বক্সার এস- ১০০ সি সি', 2, 2, NULL, NULL, '100cc', '1', '', NULL, '2', 24, 12, 1, '2019-09-04 12:19:40', '2019-09-08 12:16:36'),
(13, 'পালসার-150 সিসি এ.এস', 'পালসার-150 সিসি এ.এস', 2, 2, NULL, NULL, '150cc', '1', '', NULL, '2', 24, 12, 1, '2019-09-11 11:14:24', '2019-09-11 11:14:24'),
(14, 'ডিসকভার-150 সিসি এফ', 'ডিসকভার-150 সিসি এফ', 2, 2, NULL, NULL, '150cc', '1', '', NULL, '2', 24, 12, 1, '2019-09-12 04:08:46', '2019-09-12 04:08:46'),
(15, 'ডিসকভার-100 সিসি', 'ডিসকভার-100 সিসি', 2, 2, NULL, NULL, '100cc', '1', '', NULL, '2', 24, 12, 1, '2019-09-12 06:48:29', '2019-09-12 06:48:29'),
(16, 'প্লাটিনা-100 সিসি ই.এস', 'প্লাটিনা-100 সিসি ই.এস', 2, 2, NULL, NULL, '100cc', '1', '', NULL, '2', 24, 12, 1, '2019-09-12 08:06:10', '2019-09-12 08:06:10'),
(17, 'প্লাটিনা-100 সিসি কে.এস', 'প্লাটিনা-100 সিসি কে.এস', 2, 2, NULL, NULL, '100cc', '1', '', NULL, '2', 24, 12, 1, '2019-09-12 08:42:14', '2019-09-12 08:42:14'),
(18, 'ডিসকভার-125 সিসি ড্রাম', 'ডিসকভার-125 সিসি ড্রাম', 2, 2, NULL, NULL, '125cc', '1', '', NULL, '2', 24, 12, 1, '2019-09-12 09:05:09', '2019-09-12 09:05:09'),
(19, 'প্লাটিনা-125 সিসি', 'প্লাটিনা-125 সিসি', 2, 2, NULL, NULL, '125cc', '1', '', NULL, '2', 24, 12, 1, '2019-09-19 08:21:19', '2019-09-19 08:21:19'),
(20, 'ডিসকভার-135 সিসি ড্রাম', 'ডিসকভার-135 সিসি ড্রাম', 2, 2, NULL, NULL, '135cc', '1', '', NULL, '2', 24, 12, 1, '2019-09-19 08:28:44', '2019-09-19 08:28:44');

-- --------------------------------------------------------

--
-- Table structure for table `product_position_info`
--

CREATE TABLE `product_position_info` (
  `product_pos_id` int(100) NOT NULL,
  `product_id` int(100) NOT NULL,
  `cell_no` varchar(250) NOT NULL,
  `product_pos_doc` date NOT NULL,
  `product_pos_creator` int(100) NOT NULL
) ENGINE=InnoDB DEFAULT CHARSET=latin1;

-- --------------------------------------------------------

--
-- Table structure for table `purchase_info`
--

CREATE TABLE `purchase_info` (
  `purchase_id` int(100) NOT NULL,
  `purchase_receipt_id` int(100) NOT NULL,
  `product_id` int(100) NOT NULL,
  `purchase_quantity` float NOT NULL,
  `unit_buy_price` float NOT NULL,
  `purchase_expire_date` timestamp NOT NULL DEFAULT CURRENT_TIMESTAMP ON UPDATE CURRENT_TIMESTAMP,
  `purchase_description` text NOT NULL,
  `purchase_creator` varchar(250) NOT NULL,
  `purchase_doc` timestamp NOT NULL DEFAULT CURRENT_TIMESTAMP,
  `purchase_dom` timestamp NOT NULL DEFAULT CURRENT_TIMESTAMP ON UPDATE CURRENT_TIMESTAMP
) ENGINE=InnoDB DEFAULT CHARSET=latin1;

--
-- Dumping data for table `purchase_info`
--

INSERT INTO `purchase_info` (`purchase_id`, `purchase_receipt_id`, `product_id`, `purchase_quantity`, `unit_buy_price`, `purchase_expire_date`, `purchase_description`, `purchase_creator`, `purchase_doc`, `purchase_dom`) VALUES
(1, 1, 12, 1, 7966, '0000-00-00 00:00:00', 'a test purchase_receipt_id', '12', '2019-09-08 12:00:54', '2019-09-08 12:00:54'),
(2, 1, 12, 1, 19113, '0000-00-00 00:00:00', 'a test purchase_receipt_id', '12', '2019-09-08 12:06:46', '2019-09-08 12:06:46'),
(3, 1, 9, 1, 6775, '0000-00-00 00:00:00', 'a test purchase_receipt_id', '12', '2019-09-09 04:41:37', '2019-09-09 04:41:37'),
(4, 1, 9, 1, 29995, '0000-00-00 00:00:00', 'a test purchase_receipt_id', '12', '2019-09-09 04:49:23', '2019-09-09 04:49:23'),
(5, 1, 8, 1, 45864, '0000-00-00 00:00:00', 'a test purchase_receipt_id', '12', '2019-09-09 05:04:10', '2019-09-09 05:04:10'),
(6, 1, 9, 1, 23425, '0000-00-00 00:00:00', 'a test purchase_receipt_id', '12', '2019-09-09 05:13:08', '2019-09-09 05:13:08'),
(7, 2, 9, 1, 2788, '0000-00-00 00:00:00', 'a test purchase_receipt_id', '12', '2019-09-09 05:21:52', '2019-09-09 05:21:52'),
(8, 2, 9, 1, 7288, '0000-00-00 00:00:00', 'a test purchase_receipt_id', '12', '2019-09-09 05:31:37', '2019-09-09 05:31:37'),
(9, 2, 9, 1, 11838, '0000-00-00 00:00:00', 'a test purchase_receipt_id', '12', '2019-09-09 05:36:16', '2019-09-09 05:36:16'),
(10, 2, 8, 1, 1913, '0000-00-00 00:00:00', 'a test purchase_receipt_id', '12', '2019-09-09 05:44:18', '2019-09-09 05:44:18'),
(11, 2, 9, 1, 6913, '0000-00-00 00:00:00', 'a test purchase_receipt_id', '12', '2019-09-09 05:48:20', '2019-09-09 05:48:20'),
(12, 3, 4, 1, 5500, '0000-00-00 00:00:00', 'a test purchase_receipt_id', '12', '2019-09-09 06:08:21', '2019-09-09 06:08:21'),
(13, 3, 8, 1, 1505, '0000-00-00 00:00:00', 'a test purchase_receipt_id', '12', '2019-09-09 06:14:03', '2019-09-09 06:14:03'),
(14, 3, 12, 1, 2322, '0000-00-00 00:00:00', 'a test purchase_receipt_id', '12', '2019-09-09 06:18:14', '2019-09-09 06:18:14'),
(15, 4, 4, 1, 10000, '0000-00-00 00:00:00', 'a test purchase_receipt_id', '12', '2019-09-09 06:34:51', '2019-09-09 06:34:51'),
(16, 4, 9, 1, 2505, '0000-00-00 00:00:00', 'a test purchase_receipt_id', '12', '2019-09-09 07:18:55', '2019-09-09 07:18:55'),
(17, 4, 4, 1, 5000, '0000-00-00 00:00:00', 'a test purchase_receipt_id', '12', '2019-09-09 08:19:59', '2019-09-09 08:19:59'),
(19, 4, 8, 1, 3195, '0000-00-00 00:00:00', 'a test purchase_receipt_id', '12', '2019-09-09 08:39:48', '2019-09-09 08:39:48'),
(20, 4, 8, 1, 2670, '0000-00-00 00:00:00', 'a test purchase_receipt_id', '12', '2019-09-09 08:50:07', '2019-09-09 08:50:07'),
(21, 4, 9, 1, 2000, '0000-00-00 00:00:00', 'a test purchase_receipt_id', '12', '2019-09-09 09:04:04', '2019-09-09 09:04:04'),
(22, 4, 9, 1, 3270, '0000-00-00 00:00:00', 'a test purchase_receipt_id', '12', '2019-09-09 09:13:19', '2019-09-09 09:13:19'),
(25, 4, 8, 1, 5000, '0000-00-00 00:00:00', 'a test purchase_receipt_id', '12', '2019-09-09 10:49:49', '2019-09-09 10:49:49'),
(26, 5, 8, 1, 1000, '0000-00-00 00:00:00', 'a test purchase_receipt_id', '12', '2019-09-09 11:11:18', '2019-09-09 11:11:18'),
(27, 5, 8, 1, 1000, '0000-00-00 00:00:00', 'a test purchase_receipt_id', '12', '2019-09-09 11:15:00', '2019-09-09 11:15:00'),
(28, 5, 9, 1, 33885, '0000-00-00 00:00:00', 'a test purchase_receipt_id', '12', '2019-09-09 11:29:31', '2019-09-09 11:29:31'),
(29, 5, 9, 1, 1078, '0000-00-00 00:00:00', 'a test purchase_receipt_id', '12', '2019-09-09 11:36:17', '2019-09-09 11:36:17'),
(30, 5, 8, 1, 1000, '0000-00-00 00:00:00', 'a test purchase_receipt_id', '12', '2019-09-09 13:11:02', '2019-09-09 13:11:02'),
(31, 5, 8, 1, 7632, '0000-00-00 00:00:00', 'a test purchase_receipt_id', '12', '2019-09-09 13:14:55', '2019-09-09 13:14:55'),
(32, 5, 8, 1, 6122, '0000-00-00 00:00:00', 'a test purchase_receipt_id', '12', '2019-09-09 13:31:13', '2019-09-09 13:31:13'),
(33, 5, 8, 1, 11977, '0000-00-00 00:00:00', 'a test purchase_receipt_id', '12', '2019-09-09 13:38:05', '2019-09-09 13:38:05'),
(34, 6, 8, 1, 3070, '0000-00-00 00:00:00', 'a test purchase_receipt_id', '12', '2019-09-09 14:01:40', '2019-09-09 14:01:40'),
(35, 6, 8, 1, 3448, '0000-00-00 00:00:00', 'a test purchase_receipt_id', '12', '2019-09-09 14:08:12', '2019-09-09 14:08:12'),
(36, 6, 8, 1, 11519, '0000-00-00 00:00:00', 'a test purchase_receipt_id', '12', '2019-09-09 14:15:32', '2019-09-09 14:15:32'),
(37, 6, 8, 1, 26071, '0000-00-00 00:00:00', 'a test purchase_receipt_id', '12', '2019-09-09 14:26:17', '2019-09-09 14:26:17'),
(38, 6, 8, 1, 5796, '0000-00-00 00:00:00', 'a test purchase_receipt_id', '12', '2019-09-09 14:31:08', '2019-09-09 14:31:08'),
(39, 6, 8, 1, 27784, '0000-00-00 00:00:00', 'a test purchase_receipt_id', '12', '2019-09-09 14:36:07', '2019-09-09 14:36:07'),
(40, 7, 8, 1, 8850, '0000-00-00 00:00:00', 'a test purchase_receipt_id', '12', '2019-09-10 07:30:23', '2019-09-10 07:30:23'),
(41, 7, 8, 1, 9935, '0000-00-00 00:00:00', 'a test purchase_receipt_id', '12', '2019-09-10 07:37:42', '2019-09-10 07:37:42'),
(42, 7, 8, 1, 16742, '0000-00-00 00:00:00', 'a test purchase_receipt_id', '12', '2019-09-10 07:41:36', '2019-09-10 07:41:36'),
(43, 7, 8, 1, 4360, '0000-00-00 00:00:00', 'a test purchase_receipt_id', '12', '2019-09-10 07:47:00', '2019-09-10 07:47:00'),
(44, 7, 7, 1, 2500, '0000-00-00 00:00:00', 'a test purchase_receipt_id', '12', '2019-09-10 07:50:32', '2019-09-10 07:50:32'),
(45, 7, 8, 1, 6247, '0000-00-00 00:00:00', 'a test purchase_receipt_id', '12', '2019-09-10 07:53:24', '2019-09-10 07:53:24'),
(46, 7, 8, 1, 8110, '0000-00-00 00:00:00', 'a test purchase_receipt_id', '12', '2019-09-10 07:58:42', '2019-09-10 07:58:42'),
(47, 7, 8, 1, 17885, '0000-00-00 00:00:00', 'a test purchase_receipt_id', '12', '2019-09-10 08:29:52', '2019-09-10 08:29:52'),
(48, 7, 4, 1, 14288, '0000-00-00 00:00:00', 'a test purchase_receipt_id', '12', '2019-09-10 08:35:37', '2019-09-10 08:35:37'),
(49, 7, 8, 1, 2590, '0000-00-00 00:00:00', 'a test purchase_receipt_id', '12', '2019-09-10 08:43:04', '2019-09-10 08:43:04'),
(50, 7, 8, 1, 1590, '0000-00-00 00:00:00', 'a test purchase_receipt_id', '12', '2019-09-10 08:51:53', '2019-09-10 08:51:53'),
(51, 7, 8, 1, 4000, '0000-00-00 00:00:00', 'a test purchase_receipt_id', '12', '2019-09-10 08:56:15', '2019-09-10 08:56:15'),
(52, 7, 8, 1, 34340, '0000-00-00 00:00:00', 'a test purchase_receipt_id', '12', '2019-09-10 08:59:13', '2019-09-10 08:59:13'),
(53, 7, 8, 1, 2000, '0000-00-00 00:00:00', 'a test purchase_receipt_id', '12', '2019-09-10 09:03:28', '2019-09-10 09:03:28'),
(54, 7, 8, 1, 8728, '0000-00-00 00:00:00', 'a test purchase_receipt_id', '12', '2019-09-10 09:06:41', '2019-09-10 09:06:41'),
(55, 7, 8, 1, 17603, '0000-00-00 00:00:00', 'a test purchase_receipt_id', '12', '2019-09-10 09:10:43', '2019-09-10 09:10:43'),
(56, 7, 8, 1, 2890, '0000-00-00 00:00:00', 'a test purchase_receipt_id', '12', '2019-09-10 09:21:20', '2019-09-10 09:21:20'),
(57, 8, 8, 1, 4900, '0000-00-00 00:00:00', 'a test purchase_receipt_id', '12', '2019-09-11 07:18:59', '2019-09-11 07:18:59'),
(58, 8, 4, 1, 92000, '0000-00-00 00:00:00', 'a test purchase_receipt_id', '12', '2019-09-11 07:45:13', '2019-09-11 07:45:13'),
(59, 8, 8, 1, 39838, '0000-00-00 00:00:00', 'a test purchase_receipt_id', '12', '2019-09-11 07:50:36', '2019-09-11 07:50:36'),
(60, 8, 8, 1, 70238, '0000-00-00 00:00:00', 'a test purchase_receipt_id', '12', '2019-09-11 11:05:19', '2019-09-11 11:05:19'),
(61, 8, 13, 1, 41500, '0000-00-00 00:00:00', 'a test purchase_receipt_id', '12', '2019-09-11 11:34:01', '2019-09-11 11:34:01'),
(62, 8, 8, 1, 67000, '0000-00-00 00:00:00', 'a test purchase_receipt_id', '12', '2019-09-11 11:40:39', '2019-09-11 11:40:39'),
(63, 8, 8, 1, 14960, '0000-00-00 00:00:00', 'a test purchase_receipt_id', '12', '2019-09-12 04:00:51', '2019-09-12 04:00:51'),
(64, 8, 8, 1, 38040, '0000-00-00 00:00:00', 'a test purchase_receipt_id', '12', '2019-09-12 04:04:24', '2019-09-12 04:04:24'),
(65, 8, 14, 1, 7000, '2019-09-19 11:44:35', 'a test purchase_receipt_id', '12', '2019-09-12 04:10:26', '2019-09-19 11:44:35'),
(66, 8, 14, 1, 23230, '0000-00-00 00:00:00', 'a test purchase_receipt_id', '12', '2019-09-12 04:13:11', '2019-09-12 04:13:11'),
(67, 8, 8, 1, 1500, '0000-00-00 00:00:00', 'a test purchase_receipt_id', '12', '2019-09-12 04:20:48', '2019-09-12 04:20:48'),
(68, 8, 8, 1, 5000, '0000-00-00 00:00:00', 'a test purchase_receipt_id', '12', '2019-09-12 06:38:22', '2019-09-12 06:38:22'),
(69, 8, 8, 1, 1000, '0000-00-00 00:00:00', 'a test purchase_receipt_id', '12', '2019-09-12 06:42:21', '2019-09-12 06:42:21'),
(70, 8, 15, 1, 129500, '0000-00-00 00:00:00', 'a test purchase_receipt_id', '12', '2019-09-12 06:50:20', '2019-09-12 06:50:20'),
(71, 9, 8, 1, 10000, '0000-00-00 00:00:00', 'a test purchase_receipt_id', '12', '2019-09-12 07:37:16', '2019-09-12 07:37:16'),
(72, 9, 16, 1, 4575, '0000-00-00 00:00:00', 'a test purchase_receipt_id', '12', '2019-09-12 08:07:39', '2019-09-12 08:07:39'),
(73, 9, 4, 1, 132500, '0000-00-00 00:00:00', 'a test purchase_receipt_id', '12', '2019-09-12 08:13:31', '2019-09-12 08:13:31'),
(74, 9, 4, 1, 52500, '0000-00-00 00:00:00', 'a test purchase_receipt_id', '12', '2019-09-12 08:18:15', '2019-09-12 08:18:15'),
(75, 9, 8, 1, 21831, '0000-00-00 00:00:00', 'a test purchase_receipt_id', '12', '2019-09-12 08:21:44', '2019-09-12 08:21:44'),
(76, 9, 8, 1, 2358, '0000-00-00 00:00:00', 'a test purchase_receipt_id', '12', '2019-09-12 08:25:38', '2019-09-12 08:25:38'),
(77, 9, 8, 1, 3635, '0000-00-00 00:00:00', 'a test purchase_receipt_id', '12', '2019-09-12 08:35:59', '2019-09-12 08:35:59'),
(78, 9, 15, 1, 5500, '0000-00-00 00:00:00', 'a test purchase_receipt_id', '12', '2019-09-12 08:39:02', '2019-09-12 08:39:02'),
(79, 9, 17, 1, 3424, '0000-00-00 00:00:00', 'a test purchase_receipt_id', '12', '2019-09-12 08:46:05', '2019-09-12 08:46:05'),
(80, 9, 15, 1, 5000, '0000-00-00 00:00:00', 'a test purchase_receipt_id', '12', '2019-09-12 08:51:10', '2019-09-12 08:51:10'),
(81, 9, 18, 1, 2500, '0000-00-00 00:00:00', 'a test purchase_receipt_id', '12', '2019-09-12 09:07:03', '2019-09-12 09:07:03'),
(82, 9, 4, 1, 17500, '0000-00-00 00:00:00', 'a test purchase_receipt_id', '12', '2019-09-12 09:53:15', '2019-09-12 09:53:15'),
(83, 9, 17, 1, 8570, '0000-00-00 00:00:00', 'a test purchase_receipt_id', '12', '2019-09-12 09:56:08', '2019-09-12 09:56:08'),
(84, 9, 17, 1, 7280, '0000-00-00 00:00:00', 'a test purchase_receipt_id', '12', '2019-09-12 09:58:38', '2019-09-12 09:58:38'),
(85, 9, 17, 1, 4335, '0000-00-00 00:00:00', 'a test purchase_receipt_id', '12', '2019-09-12 10:01:07', '2019-09-12 10:01:07'),
(86, 9, 17, 1, 2300, '0000-00-00 00:00:00', 'a test purchase_receipt_id', '12', '2019-09-12 10:03:28', '2019-09-12 10:03:28'),
(87, 9, 17, 1, 10250, '0000-00-00 00:00:00', 'a test purchase_receipt_id', '12', '2019-09-12 10:06:47', '2019-09-12 10:06:47'),
(88, 9, 17, 1, 26000, '0000-00-00 00:00:00', 'a test purchase_receipt_id', '12', '2019-09-12 10:11:17', '2019-09-12 10:11:17'),
(89, 9, 17, 1, 60080, '0000-00-00 00:00:00', 'a test purchase_receipt_id', '12', '2019-09-12 10:13:51', '2019-09-12 10:13:51'),
(90, 9, 4, 1, 2500, '0000-00-00 00:00:00', 'a test purchase_receipt_id', '12', '2019-09-12 10:17:45', '2019-09-12 10:17:45'),
(91, 9, 17, 1, 3575, '0000-00-00 00:00:00', 'a test purchase_receipt_id', '12', '2019-09-14 05:18:32', '2019-09-14 05:18:32'),
(92, 9, 17, 1, 4000, '0000-00-00 00:00:00', 'a test purchase_receipt_id', '12', '2019-09-14 05:21:52', '2019-09-14 05:21:52'),
(93, 9, 6, 1, 3500, '0000-00-00 00:00:00', 'a test purchase_receipt_id', '12', '2019-09-14 05:24:55', '2019-09-14 05:24:55'),
(94, 9, 4, 1, 18650, '0000-00-00 00:00:00', 'a test purchase_receipt_id', '12', '2019-09-14 05:31:09', '2019-09-14 05:31:09'),
(95, 9, 9, 1, 5000, '0000-00-00 00:00:00', 'a test purchase_receipt_id', '12', '2019-09-14 05:46:35', '2019-09-14 05:46:35'),
(96, 9, 17, 1, 5000, '0000-00-00 00:00:00', 'a test purchase_receipt_id', '12', '2019-09-14 05:49:45', '2019-09-14 05:49:45'),
(97, 9, 17, 1, 3000, '0000-00-00 00:00:00', 'a test purchase_receipt_id', '12', '2019-09-14 05:52:01', '2019-09-14 05:52:01'),
(98, 9, 16, 1, 5538, '0000-00-00 00:00:00', 'a test purchase_receipt_id', '12', '2019-09-14 05:54:34', '2019-09-14 05:54:34'),
(99, 9, 17, 1, 11113, '0000-00-00 00:00:00', 'a test purchase_receipt_id', '12', '2019-09-14 06:05:29', '2019-09-14 06:05:29'),
(100, 9, 17, 1, 11313, '0000-00-00 00:00:00', 'a test purchase_receipt_id', '12', '2019-09-14 06:07:49', '2019-09-14 06:07:49'),
(101, 9, 15, 1, 3000, '0000-00-00 00:00:00', 'a test purchase_receipt_id', '12', '2019-09-14 06:30:06', '2019-09-14 06:30:06'),
(102, 9, 17, 1, 10535, '0000-00-00 00:00:00', 'a test purchase_receipt_id', '12', '2019-09-14 06:37:43', '2019-09-14 06:37:43'),
(103, 9, 17, 1, 9500, '0000-00-00 00:00:00', 'a test purchase_receipt_id', '12', '2019-09-14 06:41:17', '2019-09-14 06:41:17'),
(104, 9, 4, 1, 11875, '0000-00-00 00:00:00', 'a test purchase_receipt_id', '12', '2019-09-14 06:44:57', '2019-09-14 06:44:57'),
(105, 9, 17, 1, 5163, '0000-00-00 00:00:00', 'a test purchase_receipt_id', '12', '2019-09-14 06:59:45', '2019-09-14 06:59:45'),
(106, 9, 16, 1, 18563, '0000-00-00 00:00:00', 'a test purchase_receipt_id', '12', '2019-09-14 07:14:18', '2019-09-14 07:14:18'),
(107, 9, 17, 1, 54713, '0000-00-00 00:00:00', 'a test purchase_receipt_id', '12', '2019-09-14 07:19:47', '2019-09-14 07:19:47'),
(108, 9, 16, 1, 22063, '0000-00-00 00:00:00', 'a test purchase_receipt_id', '12', '2019-09-14 07:38:56', '2019-09-14 07:38:56'),
(109, 9, 17, 1, 3500, '0000-00-00 00:00:00', 'a test purchase_receipt_id', '12', '2019-09-14 07:42:16', '2019-09-14 07:42:16'),
(110, 9, 17, 1, 3500, '0000-00-00 00:00:00', 'a test purchase_receipt_id', '12', '2019-09-14 07:45:19', '2019-09-14 07:45:19'),
(111, 9, 17, 1, 11000, '0000-00-00 00:00:00', 'a test purchase_receipt_id', '12', '2019-09-14 07:49:24', '2019-09-14 07:49:24'),
(112, 9, 17, 1, 5000, '0000-00-00 00:00:00', 'a test purchase_receipt_id', '12', '2019-09-14 07:54:48', '2019-09-14 07:54:48'),
(114, 4, 19, 1, 15587, '0000-00-00 00:00:00', 'a test purchase_receipt_id', '12', '2019-09-19 08:23:24', '2019-09-19 08:23:24'),
(115, 4, 20, 1, 15040, '0000-00-00 00:00:00', 'a test purchase_receipt_id', '12', '2019-09-19 08:30:06', '2019-09-19 08:30:06'),
(116, 10, 17, 1, 13100, '0000-00-00 00:00:00', 'a test purchase_receipt_id', '12', '2019-09-20 05:30:18', '2019-09-20 05:30:18'),
(117, 10, 15, 1, 6500, '0000-00-00 00:00:00', 'a test purchase_receipt_id', '12', '2019-09-20 05:37:11', '2019-09-20 05:37:11'),
(118, 10, 16, 1, 4440, '0000-00-00 00:00:00', 'a test purchase_receipt_id', '12', '2019-09-20 05:41:03', '2019-09-20 05:41:03'),
(119, 10, 17, 1, 0, '0000-00-00 00:00:00', 'a test purchase_receipt_id', '12', '2019-09-20 05:54:02', '2019-09-20 05:54:02'),
(120, 10, 17, 1, 3050, '0000-00-00 00:00:00', 'a test purchase_receipt_id', '12', '2019-09-20 05:57:02', '2019-09-20 05:57:02'),
(121, 10, 1, 1, 29500, '0000-00-00 00:00:00', 'a test purchase_receipt_id', '12', '2019-09-20 06:00:14', '2019-09-20 06:00:14'),
(122, 10, 17, 1, 5200, '0000-00-00 00:00:00', 'a test purchase_receipt_id', '12', '2019-09-20 06:02:53', '2019-09-20 06:02:53'),
(123, 10, 17, 1, 2000, '0000-00-00 00:00:00', 'a test purchase_receipt_id', '12', '2019-09-20 06:07:14', '2019-09-20 06:07:14'),
(124, 10, 16, 1, 4000, '0000-00-00 00:00:00', 'a test purchase_receipt_id', '12', '2019-09-20 06:10:12', '2019-09-20 06:10:12'),
(125, 10, 17, 1, 4000, '0000-00-00 00:00:00', 'a test purchase_receipt_id', '12', '2019-09-20 06:17:10', '2019-09-20 06:17:10'),
(126, 10, 17, 1, 4200, '0000-00-00 00:00:00', 'a test purchase_receipt_id', '12', '2019-09-20 06:23:19', '2019-09-20 06:23:19'),
(127, 10, 17, 1, 500, '0000-00-00 00:00:00', 'a test purchase_receipt_id', '12', '2019-09-20 06:26:49', '2019-09-20 06:26:49'),
(128, 10, 17, 1, 0, '0000-00-00 00:00:00', 'a test purchase_receipt_id', '12', '2019-09-20 06:31:47', '2019-09-20 06:31:47'),
(129, 10, 17, 1, 500, '0000-00-00 00:00:00', 'a test purchase_receipt_id', '12', '2019-09-20 06:34:51', '2019-09-20 06:34:51'),
(130, 10, 17, 1, 4275, '0000-00-00 00:00:00', 'a test purchase_receipt_id', '12', '2019-09-20 06:37:31', '2019-09-20 06:37:31'),
(131, 10, 17, 1, 300, '0000-00-00 00:00:00', 'a test purchase_receipt_id', '12', '2019-09-20 06:40:16', '2019-09-20 06:40:16'),
(132, 10, 7, 1, 21000, '0000-00-00 00:00:00', 'a test purchase_receipt_id', '12', '2019-09-20 06:43:29', '2019-09-20 06:43:29'),
(133, 10, 17, 1, 4025, '0000-00-00 00:00:00', 'a test purchase_receipt_id', '12', '2019-09-20 06:48:02', '2019-09-20 06:48:02'),
(134, 10, 16, 1, 2125, '0000-00-00 00:00:00', 'a test purchase_receipt_id', '12', '2019-09-20 06:51:20', '2019-09-20 06:51:20'),
(135, 10, 16, 1, 13065, '0000-00-00 00:00:00', 'a test purchase_receipt_id', '12', '2019-09-20 06:54:53', '2019-09-20 06:54:53'),
(136, 10, 17, 1, 2000, '0000-00-00 00:00:00', 'a test purchase_receipt_id', '12', '2019-09-20 06:57:44', '2019-09-20 06:57:44'),
(137, 10, 17, 1, 45000, '0000-00-00 00:00:00', 'a test purchase_receipt_id', '12', '2019-09-20 07:14:09', '2019-09-20 07:14:09'),
(138, 10, 17, 1, 0, '0000-00-00 00:00:00', 'a test purchase_receipt_id', '12', '2019-09-20 07:17:13', '2019-09-20 07:17:13'),
(139, 10, 17, 1, 0, '0000-00-00 00:00:00', 'a test purchase_receipt_id', '12', '2019-09-20 07:19:51', '2019-09-20 07:19:51'),
(140, 10, 17, 1, 0, '0000-00-00 00:00:00', 'a test purchase_receipt_id', '12', '2019-09-20 07:23:09', '2019-09-20 07:23:09'),
(141, 10, 16, 1, 500, '0000-00-00 00:00:00', 'a test purchase_receipt_id', '12', '2019-09-20 07:27:00', '2019-09-20 07:27:00'),
(142, 10, 16, 1, 1500, '0000-00-00 00:00:00', 'a test purchase_receipt_id', '12', '2019-09-20 07:30:00', '2019-09-20 07:30:00'),
(143, 10, 17, 1, 5000, '0000-00-00 00:00:00', 'a test purchase_receipt_id', '12', '2019-09-20 07:32:52', '2019-09-20 07:32:52'),
(144, 10, 17, 1, 23500, '0000-00-00 00:00:00', 'a test purchase_receipt_id', '12', '2019-09-20 07:35:45', '2019-09-20 07:35:45'),
(145, 10, 17, 1, 23500, '0000-00-00 00:00:00', 'a test purchase_receipt_id', '12', '2019-09-20 07:38:40', '2019-09-20 07:38:40'),
(146, 10, 17, 1, 1000, '0000-00-00 00:00:00', 'a test purchase_receipt_id', '12', '2019-09-20 07:41:25', '2019-09-20 07:41:25'),
(147, 10, 17, 1, 18200, '0000-00-00 00:00:00', 'a test purchase_receipt_id', '12', '2019-09-20 07:44:20', '2019-09-20 07:44:20'),
(148, 10, 17, 1, 48000, '0000-00-00 00:00:00', 'a test purchase_receipt_id', '12', '2019-09-20 07:47:04', '2019-09-20 07:47:04'),
(149, 10, 17, 1, 800, '0000-00-00 00:00:00', 'a test purchase_receipt_id', '12', '2019-09-20 07:49:46', '2019-09-20 07:49:46'),
(150, 10, 7, 1, 500, '0000-00-00 00:00:00', 'a test purchase_receipt_id', '12', '2019-09-20 07:52:24', '2019-09-20 07:52:24'),
(151, 10, 10, 1, 0, '0000-00-00 00:00:00', 'a test purchase_receipt_id', '12', '2019-09-20 07:55:24', '2019-09-20 07:55:24'),
(152, 10, 17, 1, 5900, '0000-00-00 00:00:00', 'a test purchase_receipt_id', '12', '2019-09-20 07:58:54', '2019-09-20 07:58:54'),
(153, 10, 16, 1, 618, '0000-00-00 00:00:00', 'a test purchase_receipt_id', '12', '2019-09-20 08:01:46', '2019-09-20 08:01:46'),
(154, 10, 2, 1, 19500, '0000-00-00 00:00:00', 'a test purchase_receipt_id', '12', '2019-09-20 09:21:32', '2019-09-20 09:21:32'),
(155, 10, 9, 1, 4998, '0000-00-00 00:00:00', 'a test purchase_receipt_id', '12', '2019-09-20 09:37:43', '2019-09-20 09:37:43'),
(156, 10, 7, 1, 39500, '0000-00-00 00:00:00', 'a test purchase_receipt_id', '12', '2019-09-20 09:46:08', '2019-09-20 09:46:08'),
(157, 10, 16, 1, 293, '2019-09-20 10:15:33', 'a test purchase_receipt_id', '12', '2019-09-20 09:49:08', '2019-09-20 10:15:33'),
(158, 10, 5, 1, 38500, '2019-09-20 10:24:10', 'a test purchase_receipt_id', '12', '2019-09-20 09:52:30', '2019-09-20 10:24:10'),
(159, 10, 7, 1, 9500, '0000-00-00 00:00:00', 'a test purchase_receipt_id', '12', '2019-09-20 09:56:26', '2019-09-20 09:56:26'),
(162, 10, 16, 1, 9961, '0000-00-00 00:00:00', 'a test purchase_receipt_id', '12', '2019-09-26 04:49:31', '2019-09-26 04:49:31'),
(163, 10, 4, 1, 4900, '0000-00-00 00:00:00', 'a test purchase_receipt_id', '12', '2019-09-26 05:00:41', '2019-09-26 05:00:41'),
(164, 10, 16, 1, 18961, '0000-00-00 00:00:00', 'a test purchase_receipt_id', '12', '2019-09-26 05:04:42', '2019-09-26 05:04:42'),
(165, 10, 16, 1, 8641, '0000-00-00 00:00:00', 'a test purchase_receipt_id', '12', '2019-09-26 05:22:12', '2019-09-26 05:22:12'),
(166, 10, 16, 1, 5311, '0000-00-00 00:00:00', 'a test purchase_receipt_id', '12', '2019-09-26 05:24:44', '2019-09-26 05:24:44'),
(167, 10, 16, 1, 2899, '0000-00-00 00:00:00', 'a test purchase_receipt_id', '12', '2019-09-26 05:28:27', '2019-09-26 05:28:27'),
(168, 10, 16, 1, 28084, '0000-00-00 00:00:00', 'a test purchase_receipt_id', '12', '2019-09-26 05:33:15', '2019-09-26 05:33:15'),
(169, 10, 16, 1, 8118, '0000-00-00 00:00:00', 'a test purchase_receipt_id', '12', '2019-09-26 05:35:42', '2019-09-26 05:35:42'),
(170, 10, 11, 1, 10640, '0000-00-00 00:00:00', 'a test purchase_receipt_id', '12', '2019-09-26 05:38:41', '2019-09-26 05:38:41'),
(171, 10, 11, 1, 10640, '0000-00-00 00:00:00', 'a test purchase_receipt_id', '12', '2019-09-26 05:38:43', '2019-09-26 05:38:43'),
(172, 10, 16, 1, 8848, '0000-00-00 00:00:00', 'a test purchase_receipt_id', '12', '2019-09-26 06:05:58', '2019-09-26 06:05:58'),
(173, 10, 16, 1, 47900, '0000-00-00 00:00:00', 'a test purchase_receipt_id', '12', '2019-09-26 06:10:05', '2019-09-26 06:10:05'),
(174, 10, 16, 1, 33455, '0000-00-00 00:00:00', 'a test purchase_receipt_id', '12', '2019-09-26 06:35:20', '2019-09-26 06:35:20'),
(175, 10, 16, 1, 97900, '0000-00-00 00:00:00', 'a test purchase_receipt_id', '12', '2019-09-26 06:40:29', '2019-09-26 06:40:29'),
(176, 10, 16, 1, 97900, '0000-00-00 00:00:00', 'a test purchase_receipt_id', '12', '2019-09-26 06:45:36', '2019-09-26 06:45:36'),
(177, 10, 16, 1, 47900, '0000-00-00 00:00:00', 'a test purchase_receipt_id', '12', '2019-09-26 07:39:10', '2019-09-26 07:39:10'),
(178, 10, 16, 1, 97900, '0000-00-00 00:00:00', 'a test purchase_receipt_id', '12', '2019-09-26 08:43:02', '2019-09-26 08:43:02'),
(179, 10, 16, 1, 97900, '0000-00-00 00:00:00', 'a test purchase_receipt_id', '12', '2019-09-26 08:57:50', '2019-09-26 08:57:50'),
(180, 10, 16, 1, 97900, '0000-00-00 00:00:00', 'a test purchase_receipt_id', '12', '2019-09-26 09:18:03', '2019-09-26 09:18:03'),
(181, 10, 16, 1, 47900, '0000-00-00 00:00:00', 'a test purchase_receipt_id', '12', '2019-09-26 09:56:37', '2019-09-26 09:56:37');

-- --------------------------------------------------------

--
-- Table structure for table `purchase_receipt_info`
--

CREATE TABLE `purchase_receipt_info` (
  `receipt_id` int(100) NOT NULL,
  `challan_no` varchar(255) DEFAULT NULL,
  `distributor_id` int(100) NOT NULL,
  `purchase_amount` float NOT NULL,
  `transport_cost` float DEFAULT NULL,
  `gift_on_purchase` float DEFAULT NULL,
  `final_amount` int(11) NOT NULL,
  `shop_id` int(3) NOT NULL,
  `receipt_status` varchar(250) NOT NULL,
  `total_paid` float NOT NULL,
  `receipt_date` date NOT NULL,
  `receipt_creator` int(100) NOT NULL,
  `receipt_doc` timestamp NOT NULL DEFAULT CURRENT_TIMESTAMP,
  `receipt_dom` timestamp NOT NULL DEFAULT '0000-00-00 00:00:00' ON UPDATE CURRENT_TIMESTAMP
) ENGINE=InnoDB DEFAULT CHARSET=latin1;

--
-- Dumping data for table `purchase_receipt_info`
--

INSERT INTO `purchase_receipt_info` (`receipt_id`, `challan_no`, `distributor_id`, `purchase_amount`, `transport_cost`, `gift_on_purchase`, `final_amount`, `shop_id`, `receipt_status`, `total_paid`, `receipt_date`, `receipt_creator`, `receipt_doc`, `receipt_dom`) VALUES
(1, '2006/2007', 1, 133138, 0, 0, 133138, 1, 'unpaid', 0, '2006-01-01', 12, '2019-09-08 11:59:00', '0000-00-00 00:00:00'),
(2, '2007/2008', 1, 30740, 0, 0, 30740, 1, 'unpaid', 0, '2007-01-01', 12, '2019-09-09 05:19:50', '0000-00-00 00:00:00'),
(3, '2008/2009', 1, 9327, 0, 0, 9327, 1, 'unpaid', 0, '2008-01-01', 12, '2019-09-09 05:55:00', '0000-00-00 00:00:00'),
(4, '2009/2010', 1, 69787, 0, 0, 69787, 1, 'unpaid', 0, '2009-01-01', 12, '2019-09-09 06:25:46', '0000-00-00 00:00:00'),
(5, '2010/2011', 1, 61694, 0, 0, 61694, 1, 'unpaid', 0, '2010-09-09', 12, '2019-09-09 11:08:22', '0000-00-00 00:00:00'),
(6, '2012/2013', 1, 92588, 0, 0, 92588, 1, 'unpaid', 0, '2012-09-09', 12, '2019-09-09 13:56:24', '0000-00-00 00:00:00'),
(7, '2015/2016', 1, 162658, 0, 0, 162658, 1, 'unpaid', 0, '2015-01-01', 12, '2019-09-10 07:27:12', '0000-00-00 00:00:00'),
(8, '2016/2017', 1, 535706, 0, 0, 535706, 1, 'unpaid', 0, '2016-01-01', 12, '2019-09-11 07:06:53', '0000-00-00 00:00:00'),
(9, '2017/2018', 1, 611739, 0, 0, 611739, 1, 'unpaid', 0, '2017-01-01', 12, '2019-09-12 07:35:23', '0000-00-00 00:00:00'),
(10, '2018/2019', 1, 300000, 0, 0, 300000, 1, 'unpaid', 0, '2018-01-01', 12, '2019-09-16 05:35:58', '0000-00-00 00:00:00');

-- --------------------------------------------------------

--
-- Table structure for table `purchase_return_details_tbl`
--

CREATE TABLE `purchase_return_details_tbl` (
  `id` int(11) NOT NULL,
  `purchase_return_id` int(11) NOT NULL,
  `product_id` int(8) NOT NULL,
  `product_name` varchar(50) NOT NULL,
  `return_quantity` float NOT NULL,
  `unit_buy_price` float NOT NULL,
  `total_price` float NOT NULL,
  `return_doc` date NOT NULL,
  `return_dom` date NOT NULL
) ENGINE=InnoDB DEFAULT CHARSET=latin1;

-- --------------------------------------------------------

--
-- Table structure for table `purchase_return_main_product`
--

CREATE TABLE `purchase_return_main_product` (
  `prmp_id` int(11) NOT NULL,
  `distri_id` int(11) NOT NULL,
  `produ_id` int(11) NOT NULL,
  `return_quantity` float NOT NULL,
  `buy_price` float NOT NULL,
  `status` int(1) NOT NULL,
  `creator` int(11) NOT NULL,
  `doc` date NOT NULL,
  `dom` date NOT NULL
) ENGINE=InnoDB DEFAULT CHARSET=latin1;

-- --------------------------------------------------------

--
-- Table structure for table `purchase_return_receipt_tbl`
--

CREATE TABLE `purchase_return_receipt_tbl` (
  `purchase_return_id` int(8) NOT NULL,
  `distributor_id` int(11) NOT NULL,
  `shop_id` int(3) NOT NULL,
  `total_return_amount` float NOT NULL,
  `status` varchar(10) NOT NULL,
  `creator` varchar(100) NOT NULL,
  `purchase_return_doc` varchar(20) NOT NULL,
  `purchase_return_dom` varchar(20) NOT NULL,
  `date_time` timestamp NOT NULL DEFAULT CURRENT_TIMESTAMP ON UPDATE CURRENT_TIMESTAMP
) ENGINE=InnoDB DEFAULT CHARSET=latin1;

-- --------------------------------------------------------

--
-- Table structure for table `purchase_return_warranty_product`
--

CREATE TABLE `purchase_return_warranty_product` (
  `prwp_id` int(11) NOT NULL,
  `prmp_id` int(11) NOT NULL,
  `ip_id` int(11) NOT NULL,
  `product_id` int(11) NOT NULL,
  `sl_no` varchar(250) NOT NULL,
  `warranty_period` int(11) NOT NULL,
  `status` int(1) NOT NULL,
  `creator` int(11) NOT NULL,
  `doc` date NOT NULL,
  `dom` date NOT NULL
) ENGINE=InnoDB DEFAULT CHARSET=latin1;

-- --------------------------------------------------------

--
-- Table structure for table `sale_details`
--

CREATE TABLE `sale_details` (
  `sale_details_id` int(100) NOT NULL,
  `invoice_id` int(100) NOT NULL,
  `product_id` int(11) NOT NULL,
  `stock_id` int(100) NOT NULL,
  `sale_quantity` float NOT NULL,
  `sale_type` int(1) NOT NULL,
  `discount_info_id` int(10) NOT NULL,
  `discount` float NOT NULL,
  `discount_type` int(1) NOT NULL,
  `unit_sale_price` double NOT NULL,
  `general_sale_price` float NOT NULL,
  `unit_buy_price` double NOT NULL,
  `actual_sale_price` double NOT NULL,
  `product_specification` varchar(250) NOT NULL,
  `exact_sale_price` double NOT NULL,
  `sale_details_status` tinyint(1) NOT NULL
) ENGINE=InnoDB DEFAULT CHARSET=latin1;

-- --------------------------------------------------------

--
-- Table structure for table `sale_price_info`
--

CREATE TABLE `sale_price_info` (
  `sp_id` int(100) NOT NULL,
  `product_id` int(100) NOT NULL,
  `shop_id` double NOT NULL,
  `alarming_stock` int(100) NOT NULL,
  `warranty` int(100) NOT NULL,
  `unit_sale_price` double NOT NULL,
  `whole_sale_price` float NOT NULL
) ENGINE=InnoDB DEFAULT CHARSET=latin1;

-- --------------------------------------------------------

--
-- Table structure for table `sale_return_details_tbl`
--

CREATE TABLE `sale_return_details_tbl` (
  `id` int(11) NOT NULL,
  `sale_return_id` int(11) NOT NULL,
  `product_id` int(8) NOT NULL,
  `product_name` varchar(50) NOT NULL,
  `return_quantity` int(5) NOT NULL,
  `unit_buy_price` float NOT NULL,
  `unit_sale_price` float NOT NULL,
  `total_price` float NOT NULL,
  `return_doc` date NOT NULL,
  `return_dom` date NOT NULL
) ENGINE=InnoDB DEFAULT CHARSET=latin1;

-- --------------------------------------------------------

--
-- Table structure for table `sale_return_list`
--

CREATE TABLE `sale_return_list` (
  `srl_id` int(11) NOT NULL,
  `total_amount` float NOT NULL,
  `return_adjustment` float NOT NULL,
  `type` varchar(20) NOT NULL,
  `status` int(1) NOT NULL,
  `creator` int(11) NOT NULL,
  `doc` date NOT NULL,
  `dom` date NOT NULL
) ENGINE=InnoDB DEFAULT CHARSET=latin1;

-- --------------------------------------------------------

--
-- Table structure for table `sale_return_main_product`
--

CREATE TABLE `sale_return_main_product` (
  `srmp_id` int(11) NOT NULL,
  `return_list_id` int(11) NOT NULL,
  `inv_id` int(11) NOT NULL,
  `customer` int(11) NOT NULL,
  `produ_id` int(11) NOT NULL,
  `return_quantity` float NOT NULL,
  `exact_price` float NOT NULL,
  `status` int(1) NOT NULL,
  `type` varchar(20) NOT NULL,
  `creator` int(11) NOT NULL,
  `doc` date NOT NULL,
  `dom` date NOT NULL
) ENGINE=InnoDB DEFAULT CHARSET=latin1;

-- --------------------------------------------------------

--
-- Table structure for table `sale_return_receipt_tbl`
--

CREATE TABLE `sale_return_receipt_tbl` (
  `sale_return_id` int(8) NOT NULL,
  `shop_id` int(3) NOT NULL,
  `total_return_amount` float NOT NULL,
  `status` varchar(10) NOT NULL,
  `status2` varchar(15) NOT NULL,
  `creator` varchar(100) NOT NULL,
  `sale_return_doc` varchar(20) NOT NULL,
  `sale_return_dom` varchar(20) NOT NULL,
  `date_time` timestamp NOT NULL DEFAULT CURRENT_TIMESTAMP ON UPDATE CURRENT_TIMESTAMP
) ENGINE=InnoDB DEFAULT CHARSET=latin1;

-- --------------------------------------------------------

--
-- Table structure for table `sale_return_warranty_product`
--

CREATE TABLE `sale_return_warranty_product` (
  `srwp_id` int(11) NOT NULL,
  `srmp_id` int(11) NOT NULL,
  `ip_id` int(11) NOT NULL,
  `product_id` int(11) NOT NULL,
  `invoice_id` int(11) NOT NULL,
  `sl_no` varchar(250) NOT NULL,
  `sale_date` date NOT NULL,
  `sale_price` float NOT NULL,
  `warranty_period` int(11) NOT NULL,
  `status` int(1) NOT NULL,
  `creator` int(11) NOT NULL,
  `doc` date NOT NULL,
  `dom` date NOT NULL
) ENGINE=InnoDB DEFAULT CHARSET=latin1;

-- --------------------------------------------------------

--
-- Table structure for table `sale_running_info`
--

CREATE TABLE `sale_running_info` (
  `sale_running_id` int(100) NOT NULL,
  `sale_running_mode` varchar(250) NOT NULL,
  `sale_creator` int(100) NOT NULL
) ENGINE=InnoDB DEFAULT CHARSET=latin1;

-- --------------------------------------------------------

--
-- Table structure for table `sells_log`
--

CREATE TABLE `sells_log` (
  `id` int(11) NOT NULL,
  `product_id` int(11) NOT NULL,
  `w_product_id` int(11) NOT NULL,
  `price` double NOT NULL,
  `discount` double NOT NULL,
  `screchcard` double NOT NULL,
  `advancepay` double NOT NULL,
  `installmentfee` int(20) DEFAULT NULL,
  `gap` int(11) DEFAULT '0',
  `finalamount` double NOT NULL,
  `month` int(11) NOT NULL,
  `totalkisti` int(11) NOT NULL,
  `totaldue` double NOT NULL,
  `totalinterest` float NOT NULL,
  `totalinterastlog` double DEFAULT '0',
  `permonthpay` double NOT NULL,
  `date` date NOT NULL,
  `seconddate` date DEFAULT NULL,
  `alldate` text,
  `remarks` text CHARACTER SET utf8,
  `key` int(11) DEFAULT NULL,
  `referencename` varchar(255) CHARACTER SET utf8 DEFAULT NULL,
  `referenccontact` varchar(255) CHARACTER SET utf8 DEFAULT NULL,
  `customar_id` int(11) NOT NULL,
  `creator` int(11) NOT NULL,
  `created_at` timestamp NOT NULL DEFAULT CURRENT_TIMESTAMP,
  `updated_at` timestamp NOT NULL DEFAULT CURRENT_TIMESTAMP ON UPDATE CURRENT_TIMESTAMP
) ENGINE=InnoDB DEFAULT CHARSET=latin1;

--
-- Dumping data for table `sells_log`
--

INSERT INTO `sells_log` (`id`, `product_id`, `w_product_id`, `price`, `discount`, `screchcard`, `advancepay`, `installmentfee`, `gap`, `finalamount`, `month`, `totalkisti`, `totaldue`, `totalinterest`, `totalinterastlog`, `permonthpay`, `date`, `seconddate`, `alldate`, `remarks`, `key`, `referencename`, `referenccontact`, `customar_id`, `creator`, `created_at`, `updated_at`) VALUES
(1, 12, 1, 7966, 0, 0, 0, 0, 0, 7966, 1, 1, 7966, 0, 0, 7966, '2006-09-20', '2006-10-20', '[\"2006-10-20\"]', '', 1, '', '', 1, 12, '2019-09-08 12:02:07', '2019-09-08 12:02:07'),
(2, 12, 2, 19113, 0, 0, 0, 0, 0, 19113, 1, 1, 19113, 0, 0, 19113, '2006-09-12', '2006-10-12', '[\"2006-10-12\"]', '', 1, '', '', 2, 12, '2019-09-08 12:09:10', '2019-09-20 11:24:50'),
(3, 9, 3, 6775, 0, 0, 0, 0, 0, 6775, 1, 1, 6775, 0, 0, 6775, '2006-09-27', '2006-10-27', '[\"2006-10-27\"]', '', 1, '', '', 3, 12, '2019-09-09 04:44:00', '2019-09-09 04:44:00'),
(4, 9, 4, 29995, 0, 0, 0, 0, 0, 29995, 1, 1, 29995, 0, 0, 29995, '2006-09-29', '2006-10-29', '[\"2006-10-29\"]', '', 1, '', '', 4, 12, '2019-09-09 04:55:52', '2019-09-09 04:55:52'),
(5, 8, 5, 45864, 0, 0, 0, 0, 0, 45864, 1, 1, 45864, 0, 0, 45864, '2006-09-29', '2006-10-29', '[\"2006-10-29\"]', '', 1, '', '', 4, 12, '2019-09-09 05:07:08', '2019-09-09 05:07:08'),
(6, 9, 6, 23425, 0, 0, 0, 0, 0, 23425, 1, 1, 23425, 0, 0, 23425, '2007-07-02', '2007-08-02', '[\"2007-08-02\"]', '', 1, '', '', 6, 12, '2019-09-09 05:15:39', '2019-09-20 11:20:59'),
(11, 9, 7, 2788, 0, 0, 0, 0, 0, 2788, 1, 1, 2788, 0, 0, 2788, '2007-11-18', '2007-12-18', '[\"2007-12-18\"]', '', 1, '', '', 11, 12, '2019-09-09 05:24:25', '2019-09-19 12:07:14'),
(12, 9, 8, 7288, 0, 0, 0, 0, 0, 7288, 1, 1, 7288, 0, 0, 7288, '2007-11-26', '2007-12-26', '[\"2007-12-26\"]', '', 1, '', '', 12, 12, '2019-09-09 05:33:59', '2019-09-09 05:33:59'),
(13, 9, 9, 11838, 0, 0, 0, 0, 0, 11838, 1, 1, 11838, 0, 0, 11838, '2007-12-08', '2008-01-08', '[\"2008-01-08\"]', '', 1, '', '', 13, 12, '2019-09-09 05:38:07', '2019-09-09 05:38:07'),
(14, 8, 10, 1913, 0, 0, 0, 0, 0, 1913, 1, 1, 1913, 0, 0, 1913, '2007-12-30', '2008-01-30', '[\"2008-01-30\"]', '', 1, '', '', 14, 12, '2019-09-09 05:46:20', '2019-09-09 05:46:20'),
(17, 9, 11, 6913, 0, 0, 0, 0, 0, 6913, 1, 1, 6913, 0, 0, 6913, '2008-06-10', '2008-07-10', '[\"2008-07-10\"]', '', 1, '', '', 17, 12, '2019-09-09 05:50:32', '2019-09-09 05:50:32'),
(18, 4, 12, 5500, 0, 0, 0, 0, 0, 5500, 1, 1, 5500, 0, 0, 5500, '2008-09-25', '2008-10-25', '[\"2008-10-25\"]', '', 1, '', '', 18, 12, '2019-09-09 06:10:29', '2019-09-09 06:10:29'),
(21, 8, 13, 1505, 0, 0, 0, 0, 0, 1505, 1, 1, 1505, 0, 0, 1505, '2008-11-25', '2008-12-25', '[\"2008-12-25\"]', '', 1, '', '', 21, 12, '2019-09-09 06:15:44', '2019-09-09 06:15:44'),
(23, 12, 14, 2322, 0, 0, 0, 0, 0, 2322, 1, 1, 2322, 0, 0, 2322, '2009-01-19', '2009-02-19', '[\"2009-02-19\"]', '', 1, '', '', 23, 12, '2019-09-09 06:19:50', '2019-09-09 06:19:50'),
(2009001, 4, 15, 10000, 0, 0, 0, 0, 0, 10000, 1, 1, 10000, 0, 0, 10000, '2009-05-07', '2009-06-07', '[\"2009-06-07\"]', '', 1, '', '', 4684, 12, '2019-09-09 07:15:16', '2019-09-20 11:22:23'),
(2009010, 9, 16, 2505, 0, 0, 0, 0, 0, 2505, 1, 1, 2505, 0, 0, 2505, '2009-09-01', '2009-10-01', '[\"2009-10-01\"]', '', 1, '', '', 10, 12, '2019-09-09 07:21:56', '2019-09-09 07:21:56'),
(2009020, 4, 17, 5000, 0, 0, 0, 0, 0, 5000, 1, 1, 5000, 0, 0, 5000, '2009-09-19', '2009-10-19', '[\"2009-10-19\"]', '', 1, '', '', 20, 12, '2019-09-09 08:25:19', '2019-09-09 08:25:19'),
(2009023, 9, 21, 2000, 0, 0, 0, 0, 0, 2000, 1, 1, 2000, 0, 0, 2000, '2009-10-01', '2009-11-01', '[\"2009-11-01\"]', '', 1, '', '', 4685, 12, '2019-09-09 09:08:06', '2019-09-09 09:08:06'),
(2009039, 8, 19, 3195, 0, 0, 0, 0, 0, 3195, 1, 1, 3195, 0, 0, 3195, '2009-10-29', '2009-11-29', '[\"2009-11-29\"]', '', 1, '', '', 39, 12, '2019-09-09 08:43:29', '2019-09-09 08:43:29'),
(2009044, 8, 20, 2670, 0, 0, 0, 0, 0, 2670, 1, 1, 2670, 0, 0, 2670, '2009-11-09', '2009-12-09', '[\"2009-12-09\"]', '', 1, '', '', 44, 12, '2019-09-09 08:59:47', '2019-09-09 08:59:47'),
(2009069, 9, 22, 3270, 0, 0, 0, 0, 0, 3270, 1, 1, 3270, 0, 0, 3270, '2009-12-02', '2010-01-02', '[\"2010-01-02\"]', '', 1, '', '', 69, 12, '2019-09-09 09:25:08', '2019-09-09 09:25:08'),
(2010013, 8, 30, 1000, 0, 0, 0, 0, 0, 1000, 1, 1, 1000, 0, 0, 1000, '2010-08-08', '2010-09-08', '[\"2010-09-08\"]', '', 1, '', '', 4686, 12, '2019-09-09 13:12:58', '2019-09-09 13:12:58'),
(2010031, 9, 28, 33885, 0, 0, 0, 0, 0, 33885, 1, 1, 33885, 0, 0, 33885, '2010-09-09', '2010-10-09', '[\"2010-10-09\"]', '', 1, '', '', 31, 12, '2019-09-09 11:32:42', '2019-09-09 11:32:42'),
(2015027, 7, 44, 2500, 0, 0, 0, 0, 0, 2500, 1, 1, 2500, 0, 0, 2500, '2015-10-21', '2015-11-21', '[\"2015-11-21\"]', '', 1, '', '', 27, 12, '2019-09-10 07:52:06', '2019-09-10 07:52:06'),
(2015082, 8, 45, 6247, 0, 0, 0, 0, 0, 6247, 1, 1, 6247, 0, 0, 6247, '2015-11-07', '2015-12-07', '[\"2015-12-07\"]', '', 1, '', '', 82, 12, '2019-09-10 07:54:55', '2019-09-10 07:54:55'),
(20100106, 19, 114, 15587, 0, 0, 0, 0, 0, 15587, 1, 1, 15587, 0, 0, 15587, '2010-01-11', '2010-02-11', '[\"2010-02-11\"]', '', 1, '', '', 106, 12, '2019-09-19 08:26:30', '2019-09-19 08:26:30'),
(20100115, 8, 31, 7632, 0, 0, 0, 0, 0, 7632, 1, 1, 7632, 0, 0, 7632, '2010-11-16', '2010-12-16', '[\"2010-12-16\"]', '', 1, '', '', 115, 12, '2019-09-09 13:24:00', '2019-09-11 10:58:26'),
(20100118, 8, 25, 5000, 0, 0, 0, 0, 0, 5000, 1, 1, 5000, 0, 0, 5000, '2010-01-31', '2010-02-28', '[\"2010-02-28\"]', '', 1, '', '', 118, 12, '2019-09-09 10:53:42', '2019-09-09 10:53:42'),
(20100119, 20, 115, 15040, 0, 0, 0, 0, 0, 15040, 1, 1, 15040, 0, 0, 15040, '2010-01-31', '2010-02-28', '[\"2010-02-28\"]', '', 1, '', '', 119, 12, '2019-09-19 08:33:45', '2019-09-19 08:33:45'),
(20100141, 9, 29, 1078, 0, 0, 0, 0, 0, 1078, 1, 1, 1078, 0, 0, 1078, '2010-12-07', '2011-01-07', '[\"2011-01-07\"]', '', 1, '', '', 141, 12, '2019-09-09 11:38:26', '2019-09-09 11:38:26'),
(20100177, 8, 32, 6122, 0, 0, 0, 0, 0, 6122, 1, 1, 6122, 0, 0, 6122, '2011-10-23', '2010-11-23', '[\"2010-11-23\"]', '', 1, '', '', 177, 12, '2019-09-09 13:34:57', '2019-09-11 10:39:51'),
(20110247, 8, 33, 11977, 0, 0, 0, 0, 0, 11977, 1, 1, 11977, 0, 0, 11977, '2011-11-16', '2011-12-16', '[\"2011-12-16\"]', '', 1, '', '', 247, 12, '2019-09-09 13:40:52', '2019-09-09 13:40:52'),
(20120671, 8, 34, 3070, 0, 0, 0, 0, 0, 3070, 1, 1, 3070, 0, 0, 3070, '2012-10-14', '2012-11-14', '[\"2012-11-14\"]', '', 1, '', '', 671, 12, '2019-09-09 14:04:13', '2019-09-09 14:04:13'),
(20150149, 8, 46, 8110, 0, 0, 0, 0, 0, 8110, 1, 1, 8110, 0, 0, 8110, '2015-11-19', '2015-12-19', '[\"2015-12-19\"]', '', 1, '', '', 82, 12, '2019-09-10 08:01:45', '2019-09-10 08:01:45'),
(20150182, 8, 47, 17885, 0, 0, 0, 0, 0, 17885, 1, 1, 17885, 0, 0, 17885, '2015-11-26', '2015-12-26', '[\"2015-12-26\"]', '', 1, '', '', 182, 12, '2019-09-10 08:32:00', '2019-09-10 08:32:00'),
(20150227, 4, 48, 14288, 0, 0, 0, 0, 0, 14288, 1, 1, 14288, 0, 0, 14288, '2015-12-06', '2016-01-06', '[\"2016-01-06\"]', '', 1, '', '', 277, 12, '2019-09-10 08:38:02', '2019-09-10 08:38:02'),
(20150333, 8, 50, 1590, 0, 0, 0, 0, 0, 1590, 1, 1, 1590, 0, 0, 2090, '2016-01-14', '2016-02-14', '[\"2016-02-14\"]', '', 1, '', '', 333, 12, '2019-09-10 08:53:40', '2019-09-11 10:42:02'),
(20150437, 8, 51, 4000, 0, 0, 0, 0, 0, 4000, 1, 1, 4000, 0, 0, 3045, '2016-03-09', '2016-04-09', '[\"2016-04-09\"]', '', 1, '', '', 437, 12, '2019-09-10 08:57:51', '2019-09-11 10:42:31'),
(20153078, 8, 40, 8850, 0, 0, 0, 0, 0, 8850, 1, 1, 8850, 0, 0, 8850, '2015-09-20', '2015-10-20', '[\"2015-10-20\"]', '', 1, '', '', 3078, 12, '2019-09-10 07:35:36', '2019-09-10 07:35:36'),
(20153079, 8, 41, 9935, 0, 0, 0, 0, 0, 9935, 1, 1, 9935, 0, 0, 9935, '2015-09-23', '2015-10-23', '[\"2015-10-23\"]', '', 1, '', '', 3079, 12, '2019-09-10 07:40:12', '2019-09-10 07:40:12'),
(20153087, 8, 42, 16742, 0, 0, 0, 0, 0, 16742, 1, 1, 16742, 0, 0, 16742, '2015-09-30', '2015-10-30', '[\"2015-10-30\"]', '', 1, '', '', 3087, 12, '2019-09-10 07:43:30', '2019-09-10 07:43:30'),
(20153095, 8, 43, 4360, 0, 0, 0, 0, 0, 4360, 1, 1, 4360, 0, 0, 4360, '2015-10-03', '2015-11-03', '[\"2015-11-03\"]', '', 1, '', '', 3095, 12, '2019-09-10 07:48:26', '2019-09-10 07:48:26'),
(20160482, 8, 52, 34340, 0, 0, 0, 0, 0, 34340, 1, 1, 34340, 0, 0, 18692, '2016-03-29', '2016-04-29', '[\"2016-04-29\"]', '', 1, '', '', 482, 12, '2019-09-10 09:01:39', '2019-09-11 10:43:10'),
(20160516, 8, 53, 2000, 0, 0, 0, 0, 0, 2000, 1, 1, 2000, 0, 0, 10346, '2016-04-18', '2016-05-18', '[\"2016-05-18\"]', '', 1, '', '', 516, 12, '2019-09-10 09:05:13', '2019-09-11 10:43:39'),
(20160548, 8, 54, 8728, 0, 0, 0, 0, 0, 8728, 1, 1, 8728, 0, 0, 9537, '2016-05-15', '2016-06-15', '[\"2016-06-15\"]', '', 1, '', '', 548, 12, '2019-09-10 09:08:15', '2019-09-11 10:44:09'),
(20160621, 8, 55, 17603, 0, 0, 0, 0, 0, 17603, 1, 1, 17603, 0, 0, 13570, '2016-06-15', '2016-07-15', '[\"2016-07-15\"]', '', 1, '', '', 621, 12, '2019-09-10 09:16:37', '2019-09-11 10:44:45'),
(20160641, 8, 56, 2890, 0, 0, 0, 0, 0, 2890, 1, 1, 2890, 0, 0, 8230, '2016-06-22', '2016-07-22', '[\"2016-07-22\"]', '', 1, '', '', 641, 12, '2019-09-10 09:23:24', '2019-09-11 10:45:17'),
(20160672, 8, 57, 4900, 0, 0, 0, 0, 0, 4900, 1, 1, 4900, 0, 0, 6565, '2016-07-17', '2016-08-17', '[\"2016-08-17\"]', '', 1, '', '', 4687, 12, '2019-09-11 07:31:58', '2019-09-19 11:19:12'),
(20160706, 4, 58, 92000, 0, 0, 0, 0, 0, 92000, 1, 1, 92000, 0, 0, 92000, '2016-08-10', '2016-09-10', '[\"2016-09-10\"]', '', 1, '', '', 706, 12, '2019-09-11 07:48:41', '2019-09-11 07:48:41'),
(20160716, 8, 59, 39838, 0, 0, 0, 0, 0, 39838, 1, 1, 39838, 0, 0, 23201, '2016-08-13', '2016-09-13', '[\"2016-09-13\"]', '', 1, '', '', 716, 12, '2019-09-11 07:52:09', '2019-09-11 10:46:15'),
(20160717, 8, 60, 70238, 0, 0, 0, 0, 0, 70238, 1, 1, 70238, 0, 0, 70238, '2016-08-13', '2016-09-13', '[\"2016-09-13\"]', '', 1, '', '', 716, 12, '2019-09-11 11:07:54', '2019-09-11 11:07:54'),
(20160787, 13, 61, 41500, 0, 0, 0, 0, 0, 41500, 1, 1, 41500, 0, 0, 41500, '2016-09-12', '2016-10-12', '[\"2016-10-12\"]', '', 1, '', '', 787, 12, '2019-09-11 11:36:09', '2019-09-11 11:36:09'),
(20160879, 8, 62, 67000, 0, 0, 0, 0, 0, 67000, 1, 1, 67000, 0, 0, 67000, '2016-10-20', '2016-11-20', '[\"2016-11-20\"]', '', 1, '', '', 879, 12, '2019-09-11 11:43:30', '2019-09-11 11:43:30'),
(20160925, 8, 63, 14960, 0, 0, 0, 0, 0, 14960, 1, 1, 14960, 0, 0, 14960, '2016-11-03', '2016-12-03', '[\"2016-12-03\"]', '', 1, '', '', 925, 12, '2019-09-12 04:02:52', '2019-09-12 04:02:52'),
(20161085, 8, 64, 38040, 0, 0, 0, 0, 0, 38040, 1, 1, 38040, 0, 0, 38040, '2016-12-10', '2017-01-10', '[\"2017-01-10\"]', '', 1, '', '', 1085, 12, '2019-09-12 04:05:58', '2019-09-12 04:05:58'),
(20171278, 14, 65, 7000, 0, 0, 0, 0, 0, 7000, 1, 1, 7000, 0, 0, 7000, '2017-01-28', '2017-02-28', '[\"2017-02-28\"]', '', 1, '', '', 1278, 12, '2019-09-12 04:12:09', '2019-09-12 04:12:09'),
(20171307, 14, 66, 23230, 0, 0, 0, 0, 0, 23230, 1, 1, 23230, 0, 0, 23230, '2017-02-09', '2017-03-09', '[\"2017-03-09\"]', '', 1, '', '', 1307, 12, '2019-09-12 04:15:28', '2019-09-12 04:15:28'),
(20171377, 8, 67, 1500, 0, 0, 0, 0, 0, 1500, 1, 1, 1500, 0, 0, 1500, '2017-02-27', '2017-03-27', '[\"2017-03-27\"]', '', 1, '', '', 1377, 12, '2019-09-12 04:23:48', '2019-09-12 04:23:48'),
(20171390, 8, 68, 5000, 0, 0, 0, 0, 0, 5000, 1, 1, 5000, 0, 0, 5000, '2017-03-04', '2017-04-04', '[\"2017-04-04\"]', '', 1, '', '', 1390, 12, '2019-09-12 06:39:32', '2019-09-12 06:39:32'),
(20171504, 8, 69, 1000, 0, 0, 0, 0, 0, 1000, 1, 1, 1000, 0, 0, 1000, '2017-04-12', '2017-05-12', '[\"2017-05-12\"]', '', 1, '', '', 1504, 12, '2019-09-12 06:44:09', '2019-09-12 06:44:09'),
(20171523, 15, 70, 129500, 0, 0, 0, 0, 0, 129500, 1, 1, 129500, 0, 0, 129500, '2017-04-18', '2017-05-18', '[\"2017-05-18\"]', '', 1, '', '', 1523, 12, '2019-09-12 06:52:01', '2019-09-12 06:52:01'),
(20171776, 8, 71, 10000, 0, 0, 0, 0, 0, 10000, 1, 1, 10000, 0, 0, 10000, '2017-08-31', '2017-09-30', '[\"2017-09-30\"]', '', 1, '', '', 1776, 12, '2019-09-12 07:39:02', '2019-09-12 07:39:02'),
(20171835, 16, 72, 4575, 0, 0, 0, 0, 0, 4575, 1, 1, 4575, 0, 0, 4575, '2017-09-25', '2017-10-25', '[\"2017-10-25\"]', '', 1, '', '', 1835, 12, '2019-09-12 08:08:59', '2019-09-12 08:08:59'),
(20171890, 4, 73, 132500, 0, 0, 0, 0, 0, 132500, 1, 1, 132500, 0, 0, 132500, '2017-10-19', '2017-11-19', '[\"2017-11-19\"]', '', 1, '', '', 1890, 12, '2019-09-12 08:15:31', '2019-09-12 08:15:31'),
(20172006, 4, 74, 52500, 0, 0, 0, 0, 0, 52500, 1, 1, 52500, 0, 0, 52500, '2017-11-16', '2017-12-16', '[\"2017-12-16\"]', '', 1, '', '', 2006, 12, '2019-09-12 08:20:00', '2019-09-12 08:20:00'),
(20172055, 8, 75, 21831, 0, 0, 0, 0, 0, 21831, 1, 1, 21831, 0, 0, 21831, '2017-11-30', '2017-12-30', '[\"2017-12-30\"]', '', 1, '', '', 2055, 12, '2019-09-12 08:23:36', '2019-09-12 08:23:36'),
(20172061, 8, 76, 2358, 0, 0, 0, 0, 0, 2358, 1, 1, 2358, 0, 0, 2358, '2017-12-02', '2018-01-02', '[\"2018-01-02\"]', '', 1, '', '', 2061, 12, '2019-09-12 08:28:02', '2019-09-12 08:28:02'),
(20172096, 8, 77, 3635, 0, 0, 0, 0, 0, 3635, 1, 1, 3635, 0, 0, 3635, '2017-12-12', '2018-01-12', '[\"2018-01-12\"]', '', 1, '', '', 2096, 12, '2019-09-12 08:37:18', '2019-09-12 08:37:18'),
(20172118, 15, 78, 5500, 0, 0, 0, 0, 0, 5500, 1, 1, 5500, 0, 0, 5500, '2017-12-18', '2018-01-18', '[\"2018-01-18\"]', '', 1, '', '', 2118, 12, '2019-09-12 08:40:25', '2019-09-12 08:40:25'),
(20172170, 17, 79, 3424, 0, 0, 0, 0, 0, 3424, 1, 1, 3424, 0, 0, 3424, '2017-12-29', '2018-01-29', '[\"2018-01-29\"]', '', 1, '', '', 2170, 12, '2019-09-12 08:49:12', '2019-09-12 08:49:12'),
(20182006, 9, 95, 5000, 0, 0, 0, 0, 0, 5000, 1, 1, 5000, 0, 0, 5000, '2018-04-23', '2018-05-23', '[\"2018-05-23\"]', '', 1, '', '', 2600, 12, '2019-09-14 05:48:28', '2019-09-14 05:48:28'),
(20182250, 15, 80, 5000, 0, 0, 0, 0, 0, 5000, 1, 1, 5000, 0, 0, 5000, '2018-01-22', '2018-02-22', '[\"2018-02-22\"]', '', 1, '', '', 2250, 12, '2019-09-12 08:54:02', '2019-09-12 08:54:02'),
(20182314, 18, 81, 2500, 0, 0, 0, 0, 0, 2500, 1, 1, 2500, 0, 0, 2500, '2018-02-10', '2018-03-10', '[\"2018-03-10\"]', '', 1, '', '', 2314, 12, '2019-09-12 09:08:30', '2019-09-12 09:08:30'),
(20182369, 4, 82, 17500, 0, 0, 0, 0, 0, 17500, 1, 1, 17500, 0, 0, 17500, '2018-02-20', '2018-03-20', '[\"2018-03-20\"]', '', 1, '', '', 2369, 12, '2019-09-12 09:54:50', '2019-09-12 09:54:50'),
(20182372, 17, 83, 8570, 0, 0, 0, 0, 0, 8570, 1, 1, 8570, 0, 0, 8570, '2018-02-22', '2018-03-22', '[\"2018-03-22\"]', '', 1, '', '', 2372, 12, '2019-09-12 09:57:18', '2019-09-12 09:57:18'),
(20182417, 17, 84, 7280, 0, 0, 0, 0, 0, 7280, 1, 1, 7280, 0, 0, 7280, '2018-03-05', '2018-04-05', '[\"2018-04-05\"]', '', 1, '', '', 2417, 12, '2019-09-12 09:59:44', '2019-09-12 09:59:44'),
(20182419, 17, 85, 4335, 0, 0, 0, 0, 0, 4335, 1, 1, 4335, 0, 0, 4335, '2018-03-05', '2018-04-05', '[\"2018-04-05\"]', '', 1, '', '', 2419, 12, '2019-09-12 10:02:12', '2019-09-12 10:02:12'),
(20182427, 17, 86, 2300, 0, 0, 0, 0, 0, 2300, 1, 1, 2300, 0, 0, 2300, '2018-03-08', '2018-04-08', '[\"2018-04-08\"]', '', 1, '', '', 2427, 12, '2019-09-12 10:04:50', '2019-09-12 10:04:50'),
(20182458, 17, 87, 10250, 0, 0, 0, 0, 0, 10250, 1, 1, 10250, 0, 0, 10250, '2018-03-13', '2018-04-13', '[\"2018-04-13\"]', '', 1, '', '', 2458, 12, '2019-09-12 10:07:48', '2019-09-12 10:07:48'),
(20182469, 17, 88, 26000, 0, 0, 0, 0, 0, 26000, 1, 1, 26000, 0, 0, 26000, '2018-03-15', '2018-04-15', '[\"2018-04-15\"]', '', 1, '', '', 2469, 12, '2019-09-12 10:12:39', '2019-09-12 10:12:39'),
(20182518, 17, 89, 60080, 0, 0, 0, 0, 0, 60080, 1, 1, 60080, 0, 0, 60080, '2018-03-29', '2018-04-29', '[\"2018-04-29\"]', '', 1, '', '', 1085, 12, '2019-09-12 10:15:03', '2019-09-12 10:15:03'),
(20182533, 4, 90, 2500, 0, 0, 0, 0, 0, 2500, 1, 1, 2500, 0, 0, 2500, '2018-04-01', '2018-05-01', '[\"2018-05-01\"]', '', 1, '', '', 2533, 12, '2019-09-12 10:19:36', '2019-09-12 10:19:36'),
(20182537, 17, 91, 3575, 0, 0, 0, 0, 0, 3575, 1, 1, 3575, 0, 0, 3575, '2018-04-03', '2018-05-03', '[\"2018-05-03\"]', '', 1, '', '', 2537, 12, '2019-09-14 05:20:12', '2019-09-14 05:20:12'),
(20182548, 17, 92, 4000, 0, 0, 0, 0, 0, 4000, 1, 1, 4000, 0, 0, 4000, '2018-04-05', '2018-05-05', '[\"2018-05-05\"]', '', 1, '', '', 2548, 12, '2019-09-14 05:23:32', '2019-09-14 05:23:32'),
(20182592, 6, 93, 3500, 0, 0, 0, 0, 0, 3500, 1, 1, 3500, 0, 0, 3500, '2018-04-19', '2018-05-19', '[\"2018-05-19\"]', '', 1, '', '', 2592, 12, '2019-09-14 05:26:26', '2019-09-14 05:26:26'),
(20182594, 4, 94, 18650, 0, 0, 0, 0, 0, 18650, 1, 1, 18650, 0, 0, 18650, '2018-04-20', '2018-05-20', '[\"2018-05-20\"]', '', 1, '', '', 2594, 12, '2019-09-14 05:32:43', '2019-09-14 05:32:43'),
(20182629, 17, 96, 5000, 0, 0, 0, 0, 0, 5000, 1, 1, 5000, 0, 0, 5000, '2018-05-01', '2018-06-01', '[\"2018-06-01\"]', '', 1, '', '', 2629, 12, '2019-09-14 05:50:56', '2019-09-14 05:50:56'),
(20182644, 17, 97, 3000, 0, 0, 0, 0, 0, 3000, 1, 1, 3000, 0, 0, 3000, '2018-05-12', '2018-06-12', '[\"2018-06-12\"]', '', 1, '', '', 2644, 12, '2019-09-14 05:53:26', '2019-09-14 05:53:26'),
(20182654, 16, 98, 5538, 0, 0, 0, 0, 0, 5538, 1, 1, 5538, 0, 0, 5538, '2018-05-14', '2018-06-14', '[\"2018-06-14\"]', '', 1, '', '', 4691, 12, '2019-09-14 06:04:14', '2019-09-14 06:04:14'),
(20182663, 17, 99, 11113, 0, 0, 0, 0, 0, 11113, 1, 1, 11113, 0, 0, 11113, '2018-05-17', '2018-06-17', '[\"2018-06-17\"]', '', 1, '', '', 2663, 12, '2019-09-14 06:06:44', '2019-09-14 06:06:44'),
(20182664, 17, 100, 11313, 0, 0, 0, 0, 0, 11313, 1, 1, 11313, 0, 0, 11313, '2018-05-17', '2018-06-17', '[\"2018-06-17\"]', '', 1, '', '', 2663, 12, '2019-09-14 06:28:40', '2019-09-14 06:28:40'),
(20182671, 15, 101, 3000, 0, 0, 0, 0, 0, 3000, 1, 1, 3000, 0, 0, 3000, '2018-05-19', '2018-06-19', '[\"2018-06-19\"]', '', 1, '', '', 2671, 12, '2019-09-14 06:31:30', '2019-09-14 06:31:30'),
(20182680, 17, 102, 10535, 0, 0, 0, 0, 0, 10535, 1, 1, 10535, 0, 0, 10535, '2018-05-23', '2018-06-23', '[\"2018-06-23\"]', '', 1, '', '', 2680, 12, '2019-09-14 06:39:07', '2019-09-14 06:39:07'),
(20182685, 17, 103, 9500, 0, 0, 0, 0, 0, 9500, 1, 1, 9500, 0, 0, 9500, '2018-05-24', '2018-06-24', '[\"2018-06-24\"]', '', 1, '', '', 4689, 12, '2019-09-14 06:43:15', '2019-09-14 06:43:15'),
(20182728, 4, 104, 11875, 0, 0, 0, 0, 0, 11875, 1, 1, 11875, 0, 0, 11875, '2018-06-05', '2018-07-05', '[\"2018-07-05\"]', '', 1, '', '', 4690, 12, '2019-09-14 06:46:42', '2019-09-14 06:46:42'),
(20182730, 17, 105, 5163, 0, 0, 0, 0, 0, 5163, 1, 1, 5163, 0, 0, 5163, '2018-06-06', '2018-07-06', '[\"2018-07-06\"]', '', 1, '', '', 2730, 12, '2019-09-14 07:09:22', '2019-09-14 07:09:22'),
(20182731, 16, 106, 18563, 0, 0, 0, 0, 0, 18563, 1, 1, 18563, 0, 0, 18563, '2018-06-06', '2018-07-06', '[\"2018-07-06\"]', '', 1, '', '', 2731, 12, '2019-09-14 07:17:56', '2019-09-14 07:17:56'),
(20182732, 17, 107, 54713, 0, 0, 0, 0, 0, 54713, 1, 1, 54713, 0, 0, 54713, '2018-06-06', '2018-07-06', '[\"2018-07-06\"]', '', 1, '', '', 2731, 12, '2019-09-14 07:20:54', '2019-09-14 07:20:54'),
(20182739, 16, 108, 22063, 0, 0, 0, 0, 0, 22063, 1, 1, 22063, 0, 0, 22063, '2018-06-07', '2018-07-07', '[\"2018-07-07\"]', '', 1, '', '', 4691, 12, '2019-09-14 07:40:33', '2019-09-14 07:40:33'),
(20182771, 17, 109, 3500, 0, 0, 0, 0, 0, 3500, 1, 1, 3500, 0, 0, 3500, '2018-06-11', '2018-07-11', '[\"2018-07-11\"]', '', 1, '', '', 2644, 12, '2019-09-14 07:43:45', '2019-09-14 07:43:45'),
(20182791, 17, 110, 3500, 0, 0, 0, 0, 0, 3500, 1, 1, 3500, 0, 0, 3500, '2018-06-13', '2018-07-13', '[\"2018-07-13\"]', '', 1, '', '', 2644, 12, '2019-09-14 07:47:20', '2019-09-14 07:47:20'),
(20182814, 17, 111, 11000, 0, 0, 0, 0, 0, 11000, 1, 1, 11000, 0, 0, 11000, '2018-06-15', '2018-07-15', '[\"2018-07-15\"]', '', 1, '', '', 2814, 12, '2019-09-14 07:53:29', '2019-09-14 07:53:29'),
(20182833, 17, 112, 5000, 0, 0, 0, 0, 0, 5000, 1, 1, 5000, 0, 0, 5000, '2018-06-23', '2018-07-23', '[\"2018-07-23\"]', '', 1, '', '', 2833, 12, '2019-09-14 07:56:12', '2019-09-14 07:56:12'),
(20182860, 17, 116, 13100, 0, 0, 0, 20015, 0, 33115, 1, 1, 33115, 0, 0, 33115, '2018-07-04', '2018-08-04', '[\"2018-08-04\"]', '', 1, '', '', 2860, 12, '2019-09-20 05:33:03', '2019-09-20 05:33:03'),
(20182890, 15, 117, 6500, 0, 0, 0, 20645, 0, 27145, 1, 1, 27145, 0, 0, 27145, '2018-07-16', '2018-08-16', '[\"2018-08-16\"]', '', 1, '', '', 2890, 12, '2019-09-20 05:39:05', '2019-09-20 05:39:05'),
(20182891, 16, 118, 4440, 0, 0, 0, 6705, 0, 11145, 1, 1, 11145, 0, 0, 11145, '2018-07-16', '2018-08-16', '[\"2018-08-16\"]', '', 1, '', '', 2891, 12, '2019-09-20 05:42:37', '2019-09-20 05:42:37'),
(20182911, 17, 119, 0, 0, 0, 0, 16550, 0, 16550, 1, 1, 16550, 0, 0, 16550, '2019-09-20', '2019-10-20', '[\"2019-10-20\"]', '', 1, '', '', 2911, 12, '2019-09-20 05:55:17', '2019-09-20 05:55:17'),
(20182940, 17, 120, 3050, 0, 0, 0, 4613, 0, 7663, 1, 1, 7663, 0, 0, 7663, '2019-09-20', '2019-10-20', '[\"2019-10-20\"]', '', 1, '', '', 2940, 12, '2019-09-20 05:58:18', '2019-09-20 05:58:18'),
(20182948, 1, 121, 29500, 0, 0, 0, 35128, 0, 64628, 1, 1, 64628, 0, 0, 64628, '2019-09-20', '2019-10-20', '[\"2019-10-20\"]', '', 1, '', '', 2118, 12, '2019-09-20 06:01:29', '2019-09-20 06:01:29'),
(20182950, 17, 122, 5200, 0, 0, 0, 16993, 0, 22193, 1, 1, 22193, 0, 0, 22193, '2018-08-07', '2018-09-07', '[\"2018-09-07\"]', '', 1, '', '', 2950, 12, '2019-09-20 06:05:28', '2019-09-20 06:05:28'),
(20182957, 17, 123, 2000, 0, 0, 0, 6613, 0, 8613, 1, 1, 8613, 0, 0, 8613, '2018-08-10', '2018-09-10', '[\"2018-09-10\"]', '', 1, '', '', 3097, 12, '2019-09-20 06:08:36', '2019-09-20 06:08:36'),
(20182969, 16, 124, 4000, 0, 0, 0, 12313, 0, 16313, 1, 1, 16313, 0, 0, 16313, '2018-08-14', '2018-09-14', '[\"2018-09-14\"]', '', 0, '', '', 2969, 12, '2019-09-20 06:15:03', '2019-09-20 06:15:03'),
(20182986, 17, 125, 4000, 0, 0, 0, 8318, 0, 12318, 1, 1, 12318, 0, 0, 12313, '2018-08-19', '2018-09-19', '[\"2018-09-19\"]', '', 1, '', '', 2986, 12, '2019-09-20 06:21:42', '2019-09-20 06:21:42'),
(20183010, 17, 126, 4200, 0, 0, 0, 13093, 0, 17293, 1, 1, 17293, 0, 0, 17293, '2018-08-21', '2018-09-21', '[\"2018-09-21\"]', '', 1, '', '', 3010, 12, '2019-09-20 06:25:01', '2019-09-20 06:25:01'),
(20183011, 17, 127, 500, 0, 0, 0, 1150, 0, 1650, 1, 1, 1650, 0, 0, 1650, '2018-08-21', '2018-09-21', '[\"2018-09-21\"]', '', 1, '', '', 3011, 12, '2019-09-20 06:27:59', '2019-09-20 06:27:59'),
(20183025, 17, 128, 0, 0, 0, 0, 15725, 0, 15725, 1, 1, 15725, 0, 0, 15725, '2018-08-26', '2018-09-26', '[\"2018-09-26\"]', '', 1, '', '', 3025, 12, '2019-09-20 06:33:17', '2019-09-20 06:33:17'),
(20183034, 17, 129, 500, 0, 0, 0, 1150, 0, 1650, 1, 1, 1650, 0, 0, 1650, '2018-08-28', '2018-09-28', '[\"2018-09-28\"]', '', 1, '', '', 3034, 12, '2019-09-20 06:35:45', '2019-09-20 06:35:45'),
(20183037, 17, 130, 4275, 0, 0, 0, 0, 0, 4275, 1, 1, 4275, 0, 0, 4275, '2018-08-28', '2018-09-28', '[\"2018-09-28\"]', '', 1, '', '', 3037, 12, '2019-09-20 06:38:46', '2019-09-20 06:38:46'),
(20183050, 17, 131, 300, 0, 0, 0, 10085, 0, 10385, 1, 1, 10385, 0, 0, 10385, '2018-08-30', '2018-09-30', '[\"2018-09-30\"]', '', 0, '', '', 4692, 12, '2019-09-20 06:41:30', '2019-09-20 06:41:30'),
(20183053, 7, 132, 21000, 0, 0, 0, 0, 0, 21000, 1, 1, 21000, 0, 0, 21000, '2018-08-30', '2018-09-30', '[\"2018-09-30\"]', '', 1, '', '', 3053, 12, '2019-09-20 06:44:36', '2019-09-20 06:44:36'),
(20183103, 17, 133, 4025, 0, 0, 0, 2588, 0, 6613, 1, 1, 6613, 0, 0, 6613, '2018-09-11', '2018-10-11', '[\"2018-10-11\"]', '', 0, '', '', 3103, 12, '2019-09-20 06:49:24', '2019-09-20 06:49:24'),
(20183108, 16, 134, 2125, 0, 0, 0, 5775, 0, 7900, 1, 1, 7900, 0, 0, 7900, '2018-09-13', '2018-10-13', '[\"2018-10-13\"]', '', 0, '', '', 3108, 12, '2019-09-20 06:52:21', '2019-09-20 06:52:21'),
(20183147, 16, 135, 13065, 0, 0, 0, 2025, 0, 15090, 1, 1, 15090, 0, 0, 15090, '2019-09-20', '2019-10-20', '[\"2019-10-20\"]', '', 0, '', '', 3147, 12, '2019-09-20 06:55:47', '2019-09-20 06:55:47'),
(20183213, 17, 136, 2000, 0, 0, 0, 13775, 0, 15775, 1, 1, 15775, 0, 0, 15775, '2018-10-04', '2018-11-04', '[\"2018-11-04\"]', '', 1, '', '', 3213, 12, '2019-09-20 06:59:00', '2019-09-20 06:59:00'),
(20183216, 17, 137, 45000, 0, 0, 0, 16560, 0, 61560, 1, 1, 61560, 0, 0, 61560, '2019-09-20', '2019-10-20', '[\"2019-10-20\"]', '', 1, '', '', 2814, 12, '2019-09-20 07:15:15', '2019-09-20 07:15:15'),
(20183290, 17, 138, 0, 0, 0, 0, 10240, 0, 10240, 1, 1, 10240, 0, 0, 10240, '2018-10-14', '2018-11-14', '[\"2018-11-14\"]', '', 0, '', '', 2730, 12, '2019-09-20 07:18:19', '2019-09-20 07:18:19'),
(20183310, 17, 139, 0, 0, 0, 0, 11600, 0, 11600, 1, 1, 11600, 0, 0, 11600, '2018-10-10', '2018-11-10', '[\"2018-11-10\"]', '', 1, '', '', 3310, 12, '2019-09-20 07:21:16', '2019-09-20 07:21:16'),
(20183316, 17, 140, 0, 0, 0, 0, 10775, 0, 10775, 1, 1, 10775, 0, 0, 10775, '2018-10-17', '2018-11-17', '[\"2018-11-17\"]', '', 1, '', '', 3316, 12, '2019-09-20 07:24:32', '2019-09-20 07:24:32'),
(20183352, 16, 141, 500, 0, 0, 0, 11780, 0, 12280, 1, 1, 12280, 0, 0, 12280, '2018-10-20', '2018-11-20', '[\"2018-11-20\"]', '', 0, '', '', 3352, 12, '2019-09-20 07:28:19', '2019-09-20 07:28:19'),
(20183377, 16, 142, 1500, 0, 0, 0, 9635, 0, 11135, 1, 1, 11135, 0, 0, 11135, '2018-10-22', '2018-11-22', '[\"2018-11-22\"]', '', 0, '', '', 3377, 12, '2019-09-20 07:31:26', '2019-09-20 07:31:26'),
(20183414, 17, 143, 5000, 0, 0, 0, 12898, 0, 17898, 1, 1, 17898, 0, 0, 17898, '2018-10-25', '2018-11-25', '[\"2018-11-25\"]', '', 1, '', '', 4693, 12, '2019-09-20 07:34:19', '2019-09-20 07:34:19'),
(20183430, 17, 144, 23500, 0, 0, 0, 13828, 0, 37328, 1, 1, 37328, 0, 0, 37328, '2018-10-27', '2018-11-27', '[\"2018-11-27\"]', '', 1, '', '', 3430, 12, '2019-09-20 07:37:05', '2019-09-20 07:37:05'),
(20183431, 17, 145, 23500, 0, 0, 0, 13828, 0, 37328, 1, 1, 37328, 0, 0, 37328, '2019-09-20', '2019-10-20', '[\"2019-10-20\"]', '', 1, '', '', 3430, 12, '2019-09-20 07:39:55', '2019-09-20 07:39:55'),
(20183453, 17, 146, 1000, 0, 0, 0, 4388, 0, 5388, 1, 1, 5388, 0, 0, 5388, '2018-10-30', '2018-11-30', '[\"2018-11-30\"]', '', 1, '', '', 3453, 12, '2019-09-20 07:42:39', '2019-09-20 07:42:39'),
(20183496, 17, 147, 18200, 0, 0, 0, 12575, 0, 30775, 1, 1, 30775, 0, 0, 30775, '2018-11-05', '2018-12-05', '[\"2018-12-05\"]', '', 1, '', '', 3496, 12, '2019-09-20 07:45:25', '2019-09-20 07:45:25'),
(20183504, 17, 148, 48000, 0, 0, 0, 13775, 0, 61775, 1, 1, 61775, 0, 0, 61775, '2018-11-05', '2018-12-05', '[\"2018-12-05\"]', '', 1, '', '', 3382, 12, '2019-09-20 07:48:16', '2019-09-20 07:48:16'),
(20183510, 17, 149, 800, 0, 0, 0, 13025, 0, 13825, 1, 1, 13825, 0, 0, 13825, '2018-11-06', '2018-12-06', '[\"2018-12-06\"]', '', 1, '', '', 4694, 12, '2019-09-20 07:50:43', '2019-09-20 07:50:43'),
(20183552, 7, 150, 500, 0, 0, 0, 0, 0, 500, 1, 1, 500, 0, 0, 9648, '2019-09-20', '2019-10-20', '[\"2019-10-20\"]', '', 1, '', '', 3552, 12, '2019-09-20 07:53:22', '2019-09-20 07:53:22'),
(20183574, 10, 151, 0, 0, 0, 0, 9148, 0, 9148, 1, 1, 9148, 0, 0, 9148, '2018-11-18', '2018-12-18', '[\"2018-12-18\"]', '', 1, '', '', 4695, 12, '2019-09-20 07:57:16', '2019-09-20 07:57:16'),
(20183576, 17, 152, 5900, 0, 0, 0, 10535, 0, 16435, 1, 1, 16435, 0, 0, 16435, '2018-11-18', '2018-12-18', '[\"2018-12-18\"]', '', 1, '', '', 3576, 12, '2019-09-20 08:00:13', '2019-09-20 08:00:13'),
(20183584, 16, 153, 618, 0, 0, 0, 3218, 0, 3836, 1, 1, 3836, 0, 0, 3836, '2018-11-20', '2018-12-20', '[\"2018-12-20\"]', '', 1, '', '', 3584, 12, '2019-09-20 08:02:51', '2019-09-20 08:02:51'),
(20183654, 2, 154, 19500, 0, 0, 0, 17675, 0, 37175, 1, 1, 37175, 0, 0, 37175, '2018-11-29', '2018-12-29', '[\"2018-12-29\"]', '', 1, '', '', 3654, 12, '2019-09-20 09:28:37', '2019-09-20 09:28:37'),
(20183662, 9, 155, 4998, 0, 0, 0, 0, 0, 4998, 1, 1, 4998, 0, 0, 4998, '2018-11-29', '2018-12-29', '[\"2018-12-29\"]', '', 1, '', '', 3662, 12, '2019-09-20 09:40:24', '2019-09-20 09:40:24'),
(20183704, 7, 156, 39500, 0, 0, 0, 0, 0, 39500, 1, 1, 39500, 0, 0, 39500, '2018-12-04', '2019-01-04', '[\"2019-01-04\"]', '', 1, '', '', 3704, 12, '2019-09-20 09:47:46', '2019-09-20 09:47:46'),
(20183732, 16, 157, 293, 0, 0, 0, 2156, 0, 2449, 1, 1, 2449, 0, 0, 2449, '2018-12-08', '2019-01-08', '[\"2019-01-08\"]', '', 1, '', '', 4696, 12, '2019-09-20 09:50:38', '2019-09-20 10:13:03'),
(20183741, 5, 158, 38500, 0, 0, 0, 16273, 0, 54773, 1, 1, 54773, 0, 0, 54773, '2018-12-09', '2019-01-09', '[\"2019-01-09\"]', '', 1, '', '', 3741, 12, '2019-09-20 09:54:35', '2019-09-20 10:22:11'),
(20183751, 7, 159, 9500, 0, 0, 0, 0, 0, 9500, 1, 1, 9500, 0, 0, 9500, '2018-12-11', '2019-01-11', '[\"2019-01-11\"]', '', 1, '', '', 3751, 12, '2019-09-20 09:57:18', '2019-09-20 09:57:18'),
(20183757, 16, 162, 9961, 0, 0, 0, 1931, 0, 11892, 1, 1, 11892, 0, 0, 11892, '2018-12-13', '2019-01-13', '[\"2019-01-13\"]', '', 1, '', '', 3757, 12, '2019-09-26 04:52:52', '2019-09-26 04:52:52'),
(20183786, 4, 163, 4900, 0, 0, 0, 2687, 0, 7587, 1, 1, 7587, 0, 0, 7587, '2018-12-17', '2019-01-17', '[\"2019-01-17\"]', '', 1, '', '', 4697, 12, '2019-09-26 05:03:16', '2019-09-26 05:03:16'),
(20183790, 16, 164, 18961, 0, 0, 0, 1931, 0, 20892, 1, 1, 20892, 0, 0, 20892, '2018-12-17', '2019-01-17', '[\"2019-01-17\"]', '', 1, '', '', 4698, 12, '2019-09-26 05:06:19', '2019-09-26 05:06:19'),
(20183802, 16, 165, 8641, 0, 0, 0, 2021, 0, 10662, 1, 1, 10662, 0, 0, 10662, '2018-12-19', '2019-01-19', '[\"2019-01-19\"]', '', 1, '', '', 3802, 12, '2019-09-26 05:23:45', '2019-09-26 05:23:45'),
(20193848, 16, 166, 5311, 0, 0, 0, 1706, 0, 7017, 1, 1, 7017, 0, 0, 7017, '2019-01-03', '2019-02-03', '[\"2019-02-03\"]', '', 1, '', '', 3848, 12, '2019-09-26 05:26:32', '2019-09-26 05:26:32'),
(20193858, 16, 167, 2899, 0, 0, 0, 2201, 0, 5100, 1, 1, 5100, 0, 0, 5100, '2019-01-06', '2019-02-06', '[\"2019-02-06\"]', '', 1, '', '', 3858, 12, '2019-09-26 05:31:48', '2019-09-26 05:31:48'),
(20193874, 16, 168, 28084, 0, 0, 0, 2111, 0, 30195, 1, 1, 30195, 0, 0, 30195, '2019-01-09', '2019-02-09', '[\"2019-02-09\"]', '', 1, '', '', 3874, 12, '2019-09-26 05:34:22', '2019-09-26 05:34:22'),
(20193905, 16, 169, 8118, 0, 0, 0, 1931, 0, 10049, 1, 1, 10049, 0, 0, 10049, '2019-01-19', '2019-02-19', '[\"2019-02-19\"]', '', 1, '', '', 3905, 12, '2019-09-26 05:37:08', '2019-09-26 05:37:08'),
(20193924, 16, 172, 8848, 0, 0, 0, 0, 0, 8848, 1, 1, 8848, 0, 0, 8848, '2019-01-12', '2019-02-12', '[\"2019-02-12\"]', '', 1, '', '', 4699, 12, '2019-09-26 06:08:35', '2019-09-26 06:08:35'),
(20193937, 16, 173, 47900, 0, 0, 0, 11348, 0, 59248, 1, 1, 59248, 0, 0, 59248, '2019-01-27', '2019-02-27', '[\"2019-02-27\"]', '', 1, '', '', 3382, 12, '2019-09-26 06:32:30', '2019-09-26 06:32:30'),
(20193939, 16, 178, 97900, 0, 0, 50000, 5000, 0, 52900, 7, 4, 30279.22, 3174, 5554.5, 8350.64, '2019-01-28', '2019-05-28', '[\"2019-05-28\",\"2019-06-28\",\"2019-07-28\",\"2019-08-28\"]', '', 1, '', '', 3939, 12, '2019-09-26 08:47:21', '2019-09-26 08:51:22'),
(20193951, 16, 179, 97900, 0, 0, 50000, 5000, 0, 52900, 6, 4, 19487, 3174, 4761, 9610.17, '2019-01-31', '2019-04-30', '[\"2019-04-30\",\"2019-05-31\",\"2019-06-30\",\"2019-07-31\"]', '', 1, '', '', 3951, 12, '2019-09-26 09:02:20', '2019-09-26 09:24:25'),
(20193953, 16, 181, 47900, 0, 0, 0, 10555, 0, 58455, 1, 1, 58455, 0, 0, 58455, '2019-02-01', '2019-03-01', '[\"2019-03-01\"]', '', 1, '', '', 3382, 12, '2019-09-26 10:00:18', '2019-09-26 10:00:18'),
(20194039, 16, 180, 97900, 0, 0, 50000, 5000, 0, 52900, 6, 6, 52900, 4761, 4761, 9610.17, '2019-09-26', '2019-10-26', '[\"2019-10-26\",\"2019-11-26\",\"2019-12-26\",\"2020-01-26\",\"2020-02-26\",\"2020-03-26\"]', '', 1, '', '', 4039, 12, '2019-09-26 09:22:21', '2019-09-26 09:22:21'),
(201502970, 8, 35, 3448, 0, 0, 0, 0, 0, 3448, 1, 1, 3448, 0, 0, 3448, '2015-05-15', '2015-06-15', '[\"2015-06-15\"]', '', 1, '', '', 2970, 12, '2019-09-09 14:12:02', '2019-09-09 14:12:02'),
(201502980, 8, 36, 11519, 0, 0, 0, 0, 0, 11519, 1, 1, 11519, 0, 0, 11519, '2015-05-18', '2015-06-18', '[\"2015-06-18\"]', '', 1, '', '', 2980, 12, '2019-09-09 14:22:55', '2019-09-09 14:22:55'),
(201502981, 8, 37, 26071, 0, 0, 0, 0, 0, 26071, 1, 1, 26071, 0, 0, 26071, '2015-05-18', '2015-06-18', '[\"2015-06-18\"]', '', 1, '', '', 2980, 12, '2019-09-09 14:29:09', '2019-09-09 14:29:09'),
(201502985, 8, 38, 5796, 0, 0, 0, 0, 0, 5796, 1, 1, 5796, 0, 0, 5796, '2015-05-19', '2015-06-19', '[\"2015-06-19\"]', '', 1, '', '', 2985, 12, '2019-09-09 14:33:01', '2019-09-09 14:33:01'),
(201502989, 8, 39, 27784, 0, 0, 0, 0, 0, 27784, 1, 1, 27784, 0, 0, 27784, '2015-05-21', '2015-06-21', '[\"2015-06-21\"]', '', 1, '', '', 2970, 12, '2019-09-09 14:37:58', '2019-09-09 14:37:58'),
(201502992, 11, 171, 10640, 0, 0, 0, 0, 0, 10640, 1, 1, 10640, 0, 0, 10640, '2019-01-20', '2019-02-20', '[\"2019-02-20\"]', '', 0, '', '', 3912, 12, '2019-09-26 05:52:31', '2019-09-26 05:52:31');

-- --------------------------------------------------------

--
-- Table structure for table `service_provider_info`
--

CREATE TABLE `service_provider_info` (
  `service_provider_id` int(100) NOT NULL,
  `service_provider_name` varchar(250) NOT NULL,
  `service_provider_type` varchar(250) NOT NULL,
  `service_provider_contact` varchar(250) NOT NULL,
  `service_provider_address` varchar(250) NOT NULL,
  `service_provider_email` varchar(250) NOT NULL,
  `service_provider_description` text NOT NULL,
  `service_provider_doc` timestamp NOT NULL DEFAULT CURRENT_TIMESTAMP,
  `service_provider_dom` timestamp NOT NULL DEFAULT '0000-00-00 00:00:00' ON UPDATE CURRENT_TIMESTAMP,
  `service_provider_creator` int(100) NOT NULL
) ENGINE=InnoDB DEFAULT CHARSET=latin1;

-- --------------------------------------------------------

--
-- Table structure for table `shop_setup`
--

CREATE TABLE `shop_setup` (
  `shop_id` int(3) NOT NULL,
  `shop_name` char(100) NOT NULL,
  `shop_type` char(8) NOT NULL,
  `shop_address` char(150) NOT NULL,
  `shop_status` tinyint(1) NOT NULL,
  `shop_contact` char(15) NOT NULL,
  `one_point_equal` int(20) NOT NULL,
  `one_taka_equal` int(20) NOT NULL,
  `shop_creator` int(10) NOT NULL,
  `shop_doc` timestamp NOT NULL DEFAULT CURRENT_TIMESTAMP ON UPDATE CURRENT_TIMESTAMP
) ENGINE=InnoDB DEFAULT CHARSET=latin1;

--
-- Dumping data for table `shop_setup`
--

INSERT INTO `shop_setup` (`shop_id`, `shop_name`, `shop_type`, `shop_address`, `shop_status`, `shop_contact`, `one_point_equal`, `one_taka_equal`, `shop_creator`, `shop_doc`) VALUES
(1, 'Suprova International', 'Main', 'Sylhet', 1, '123456', 1, 100, 11, '2019-09-03 05:01:32');

-- --------------------------------------------------------

--
-- Table structure for table `stock_info`
--

CREATE TABLE `stock_info` (
  `stock_id` int(100) NOT NULL,
  `product_id` int(8) NOT NULL,
  `shop_id` int(4) NOT NULL,
  `purchase_id` int(100) NOT NULL,
  `serial_no` varchar(250) NOT NULL,
  `stock_status` varchar(250) NOT NULL,
  `stock_creator` varchar(250) NOT NULL,
  `stock_doc` date NOT NULL,
  `stock_dom` date NOT NULL,
  `listed_by` int(100) NOT NULL
) ENGINE=InnoDB DEFAULT CHARSET=latin1;

-- --------------------------------------------------------

--
-- Table structure for table `temp_sale_details`
--

CREATE TABLE `temp_sale_details` (
  `temp_sale_details_id` int(12) NOT NULL,
  `temp_sale_id` int(10) NOT NULL,
  `product_id` int(5) NOT NULL,
  `stock_id` int(8) NOT NULL,
  `sale_quantity` double NOT NULL,
  `product_specification` varchar(15) NOT NULL,
  `sale_type` int(1) NOT NULL,
  `discount_info_id` int(10) NOT NULL,
  `discount` int(5) NOT NULL,
  `discount_type` int(1) NOT NULL,
  `unit_buy_price` double NOT NULL,
  `unit_sale_price` double NOT NULL,
  `general_unit_sale_price` float NOT NULL,
  `actual_sale_price` double NOT NULL,
  `temp_sale_details_status` tinyint(1) NOT NULL,
  `item_name` varchar(100) NOT NULL,
  `stock` varchar(10) NOT NULL
) ENGINE=InnoDB DEFAULT CHARSET=latin1;

-- --------------------------------------------------------

--
-- Table structure for table `temp_sale_info`
--

CREATE TABLE `temp_sale_info` (
  `temp_sale_id` int(10) NOT NULL,
  `temp_sale_shop_id` int(3) NOT NULL,
  `temp_sale_type` varchar(10) NOT NULL,
  `temp_customer_id` int(11) NOT NULL,
  `temp_sale_creator` int(4) NOT NULL,
  `temp_sale_status` tinyint(1) NOT NULL,
  `return_id` int(11) NOT NULL,
  `return_adjust_amount` float NOT NULL,
  `pre_invoice_status` varchar(20) NOT NULL,
  `temp_sale_doc` timestamp NOT NULL DEFAULT CURRENT_TIMESTAMP ON UPDATE CURRENT_TIMESTAMP
) ENGINE=InnoDB DEFAULT CHARSET=latin1;

-- --------------------------------------------------------

--
-- Table structure for table `tmp_cash_sale_return_details_tbl`
--

CREATE TABLE `tmp_cash_sale_return_details_tbl` (
  `id` int(5) NOT NULL,
  `tmp_cash_sale_return_id` int(1) NOT NULL,
  `invoice_id` int(11) NOT NULL,
  `product_id` int(5) NOT NULL,
  `product_name` varchar(50) NOT NULL,
  `return_quantity` int(5) NOT NULL,
  `buy_price` float NOT NULL,
  `unit_price` float NOT NULL,
  `total_price` float NOT NULL
) ENGINE=InnoDB DEFAULT CHARSET=latin1;

-- --------------------------------------------------------

--
-- Table structure for table `tmp_cash_sale_return_tbl`
--

CREATE TABLE `tmp_cash_sale_return_tbl` (
  `tmp_cash_sale_return_id` int(5) NOT NULL,
  `tmp_cash_sale_return_creator` int(5) NOT NULL,
  `status` varchar(8) NOT NULL,
  `total_amount` float NOT NULL,
  `tmp_cash_sale_return_doc` varchar(20) NOT NULL
) ENGINE=InnoDB DEFAULT CHARSET=latin1;

-- --------------------------------------------------------

--
-- Table structure for table `tmp_purchase_return_details_tbl`
--

CREATE TABLE `tmp_purchase_return_details_tbl` (
  `id` int(5) NOT NULL,
  `tmp_purchase_return_id` int(5) NOT NULL,
  `distributor_id` int(11) NOT NULL,
  `product_id` int(5) NOT NULL,
  `product_name` varchar(50) NOT NULL,
  `return_quantity` float NOT NULL,
  `unit_buy_price` float NOT NULL,
  `total_price` float NOT NULL
) ENGINE=InnoDB DEFAULT CHARSET=latin1;

-- --------------------------------------------------------

--
-- Table structure for table `tmp_purchase_return_tbl`
--

CREATE TABLE `tmp_purchase_return_tbl` (
  `tmp_purchase_return_id` int(5) NOT NULL,
  `tmp_purchase_id` int(5) NOT NULL,
  `distributor_id` int(11) NOT NULL,
  `tmp_purchase_return_shop_id` int(5) NOT NULL,
  `tmp_purchase_return_creator` int(5) NOT NULL,
  `status` varchar(8) NOT NULL,
  `total_amount` float NOT NULL,
  `tmp_purchase_return_doc` varchar(20) NOT NULL
) ENGINE=InnoDB DEFAULT CHARSET=latin1;

-- --------------------------------------------------------

--
-- Table structure for table `tmp_sale_return_details_tbl`
--

CREATE TABLE `tmp_sale_return_details_tbl` (
  `id` int(5) NOT NULL,
  `tmp_sale_return_id` int(5) NOT NULL,
  `product_id` int(5) NOT NULL,
  `product_name` varchar(50) NOT NULL,
  `return_quantity` int(5) NOT NULL,
  `buy_price` float NOT NULL,
  `unit_price` float NOT NULL,
  `total_price` float NOT NULL
) ENGINE=InnoDB DEFAULT CHARSET=latin1;

-- --------------------------------------------------------

--
-- Table structure for table `tmp_sale_return_tbl`
--

CREATE TABLE `tmp_sale_return_tbl` (
  `tmp_sale_return_id` int(5) NOT NULL,
  `tmp_sale_id` int(5) NOT NULL,
  `tmp_sale_return_shop_id` int(5) NOT NULL,
  `tmp_sale_return_creator` int(5) NOT NULL,
  `status` varchar(8) NOT NULL,
  `total_amount` float NOT NULL,
  `tmp_sale_return_doc` varchar(20) NOT NULL
) ENGINE=InnoDB DEFAULT CHARSET=latin1;

-- --------------------------------------------------------

--
-- Table structure for table `transaction_details`
--

CREATE TABLE `transaction_details` (
  `transaction_id` int(100) NOT NULL,
  `transaction_receipt_id` int(15) NOT NULL,
  `shop_id` int(3) NOT NULL,
  `transaction_type` varchar(250) NOT NULL,
  `transaction_amount` float NOT NULL,
  `transaction_mode` varchar(250) NOT NULL,
  `transaction_reference_id` int(100) NOT NULL,
  `transaction_doc` date NOT NULL,
  `transaction_dom` date NOT NULL,
  `transaction_creator` varchar(250) NOT NULL
) ENGINE=InnoDB DEFAULT CHARSET=latin1;

-- --------------------------------------------------------

--
-- Table structure for table `transaction_info`
--

CREATE TABLE `transaction_info` (
  `transaction_id` int(11) NOT NULL,
  `transaction_purpose` varchar(100) NOT NULL,
  `transaction_mode` varchar(100) NOT NULL,
  `ledger_id` int(100) NOT NULL,
  `common_id` int(11) NOT NULL,
  `sub_id` int(11) NOT NULL,
  `remarks` tinytext NOT NULL,
  `amount` double NOT NULL,
  `date` date NOT NULL,
  `status` varchar(10) NOT NULL,
  `creator` int(8) NOT NULL,
  `doc` timestamp NOT NULL DEFAULT CURRENT_TIMESTAMP,
  `dom` timestamp NOT NULL DEFAULT '0000-00-00 00:00:00' ON UPDATE CURRENT_TIMESTAMP
) ENGINE=InnoDB DEFAULT CHARSET=latin1;

--
-- Dumping data for table `transaction_info`
--

INSERT INTO `transaction_info` (`transaction_id`, `transaction_purpose`, `transaction_mode`, `ledger_id`, `common_id`, `sub_id`, `remarks`, `amount`, `date`, `status`, `creator`, `doc`, `dom`) VALUES
(1, 'purchase', '', 1, 1, 0, '', 133138, '2006-01-01', 'active', 12, '2019-09-08 11:59:00', '0000-00-00 00:00:00'),
(2, 'sale', '', 1, 1, 0, '', 7966, '2006-09-20', 'active', 12, '2019-09-08 12:02:07', '0000-00-00 00:00:00'),
(3, 'sale', '', 2, 2, 0, '', 19113, '2019-09-08', 'active', 12, '2019-09-08 12:09:10', '0000-00-00 00:00:00'),
(4, 'sale', '', 3, 3, 0, '', 6775, '2006-09-27', 'active', 12, '2019-09-09 04:44:00', '0000-00-00 00:00:00'),
(5, 'sale', '', 4, 4, 0, '', 29995, '2006-09-29', 'active', 12, '2019-09-09 04:55:52', '0000-00-00 00:00:00'),
(6, 'sale', '', 4, 5, 0, '', 45864, '2006-09-29', 'active', 12, '2019-09-09 05:07:08', '0000-00-00 00:00:00'),
(7, 'sale', '', 6, 6, 0, '', 23425, '2019-09-09', 'active', 12, '2019-09-09 05:15:39', '0000-00-00 00:00:00'),
(8, 'purchase', '', 1, 2, 0, '', 30740, '2007-01-01', 'active', 12, '2019-09-09 05:19:50', '0000-00-00 00:00:00'),
(9, 'sale', '', 11, 11, 0, '', 2788, '2007-11-18', 'active', 12, '2019-09-09 05:24:25', '0000-00-00 00:00:00'),
(10, 'sale', '', 12, 12, 0, '', 7288, '2007-11-26', 'active', 12, '2019-09-09 05:33:59', '0000-00-00 00:00:00'),
(11, 'sale', '', 13, 13, 0, '', 11838, '2007-12-08', 'active', 12, '2019-09-09 05:38:07', '0000-00-00 00:00:00'),
(12, 'sale', '', 14, 14, 0, '', 1913, '2007-12-30', 'active', 12, '2019-09-09 05:46:20', '0000-00-00 00:00:00'),
(13, 'sale', '', 17, 17, 0, '', 6913, '2008-06-10', 'active', 12, '2019-09-09 05:50:32', '0000-00-00 00:00:00'),
(14, 'purchase', '', 1, 3, 0, '', 9327, '2008-01-01', 'active', 12, '2019-09-09 05:55:00', '0000-00-00 00:00:00'),
(15, 'sale', '', 18, 18, 0, '', 5500, '2008-09-25', 'active', 12, '2019-09-09 06:10:29', '0000-00-00 00:00:00'),
(16, 'sale', '', 21, 21, 0, '', 1505, '2008-11-25', 'active', 12, '2019-09-09 06:15:44', '0000-00-00 00:00:00'),
(17, 'sale', '', 23, 23, 0, '', 2322, '2009-01-19', 'active', 12, '2019-09-09 06:19:50', '0000-00-00 00:00:00'),
(18, 'purchase', '', 1, 4, 0, '', 69787, '2009-01-01', 'active', 12, '2019-09-09 06:25:46', '0000-00-00 00:00:00'),
(19, 'sale', '', 4684, 2009001, 0, '', 10000, '2019-09-09', 'active', 12, '2019-09-09 07:15:16', '0000-00-00 00:00:00'),
(20, 'sale', '', 10, 2009010, 0, '', 2505, '2009-09-01', 'active', 12, '2019-09-09 07:21:56', '0000-00-00 00:00:00'),
(21, 'sale', '', 20, 2009020, 0, '', 5000, '2009-09-19', 'active', 12, '2019-09-09 08:25:19', '0000-00-00 00:00:00'),
(22, 'sale', '', 39, 2009039, 0, '', 3195, '2009-10-29', 'active', 12, '2019-09-09 08:43:29', '0000-00-00 00:00:00'),
(23, 'sale', '', 44, 2009044, 0, '', 2670, '2009-11-09', 'active', 12, '2019-09-09 08:59:47', '0000-00-00 00:00:00'),
(24, 'sale', '', 4685, 2009023, 0, '', 2000, '2009-10-01', 'active', 12, '2019-09-09 09:08:06', '0000-00-00 00:00:00'),
(25, 'sale', '', 69, 2009069, 0, '', 3270, '2009-12-02', 'active', 12, '2019-09-09 09:25:08', '0000-00-00 00:00:00'),
(26, 'sale', '', 74, 2009070, 0, '', 5520, '2009-12-06', 'active', 12, '2019-09-09 09:30:13', '0000-00-00 00:00:00'),
(27, 'sale', '', 118, 20100118, 0, '', 5000, '2010-01-31', 'active', 12, '2019-09-09 10:53:42', '0000-00-00 00:00:00'),
(28, 'purchase', '', 1, 5, 0, '', 61694, '2010-09-09', 'active', 12, '2019-09-09 11:08:22', '0000-00-00 00:00:00'),
(29, 'sale', '', 31, 2010031, 0, '', 33885, '2010-09-09', 'active', 12, '2019-09-09 11:32:42', '0000-00-00 00:00:00'),
(30, 'sale', '', 141, 20100141, 0, '', 1078, '2010-12-07', 'active', 12, '2019-09-09 11:38:26', '0000-00-00 00:00:00'),
(31, 'sale', '', 4686, 2010013, 0, '', 1000, '2010-08-08', 'active', 12, '2019-09-09 13:12:58', '0000-00-00 00:00:00'),
(32, 'sale', '', 115, 20100142, 0, '', 7632, '2010-11-16', 'active', 12, '2019-09-09 13:24:00', '0000-00-00 00:00:00'),
(33, 'sale', '', 177, 20100177, 0, '', 6122, '2010-10-23', 'active', 12, '2019-09-09 13:34:57', '0000-00-00 00:00:00'),
(34, 'sale', '', 247, 20110247, 0, '', 11977, '2011-11-16', 'active', 12, '2019-09-09 13:40:52', '0000-00-00 00:00:00'),
(35, 'purchase', '', 1, 6, 0, '', 92588, '2012-09-09', 'active', 12, '2019-09-09 13:56:24', '0000-00-00 00:00:00'),
(36, 'sale', '', 671, 20120671, 0, '', 3070, '2012-10-14', 'active', 12, '2019-09-09 14:04:13', '0000-00-00 00:00:00'),
(37, 'sale', '', 2970, 201502970, 0, '', 3448, '2015-05-15', 'active', 12, '2019-09-09 14:12:02', '0000-00-00 00:00:00'),
(38, 'sale', '', 2980, 201502980, 0, '', 11519, '2015-05-18', 'active', 12, '2019-09-09 14:22:55', '0000-00-00 00:00:00'),
(39, 'sale', '', 2980, 201502981, 0, '', 26071, '2015-05-18', 'active', 12, '2019-09-09 14:29:09', '0000-00-00 00:00:00'),
(40, 'sale', '', 2985, 201502985, 0, '', 5796, '2015-05-19', 'active', 12, '2019-09-09 14:33:01', '0000-00-00 00:00:00'),
(41, 'sale', '', 2970, 201502989, 0, '', 27784, '2015-05-21', 'active', 12, '2019-09-09 14:37:58', '0000-00-00 00:00:00'),
(42, 'purchase', '', 1, 7, 0, '', 162658, '2015-01-01', 'active', 12, '2019-09-10 07:27:12', '0000-00-00 00:00:00'),
(43, 'sale', '', 3078, 20153078, 0, '', 8850, '2015-09-20', 'active', 12, '2019-09-10 07:35:36', '0000-00-00 00:00:00'),
(44, 'sale', '', 3079, 20153079, 0, '', 9935, '2015-09-23', 'active', 12, '2019-09-10 07:40:12', '0000-00-00 00:00:00'),
(45, 'sale', '', 3087, 20153087, 0, '', 16742, '2015-09-30', 'active', 12, '2019-09-10 07:43:30', '0000-00-00 00:00:00'),
(46, 'sale', '', 3095, 20153095, 0, '', 4360, '2015-10-03', 'active', 12, '2019-09-10 07:48:26', '0000-00-00 00:00:00'),
(47, 'sale', '', 27, 2015027, 0, '', 2500, '2015-10-21', 'active', 12, '2019-09-10 07:52:06', '0000-00-00 00:00:00'),
(48, 'sale', '', 82, 2015082, 0, '', 6247, '2015-11-07', 'active', 12, '2019-09-10 07:54:55', '0000-00-00 00:00:00'),
(49, 'sale', '', 82, 20150149, 0, '', 8110, '2015-11-19', 'active', 12, '2019-09-10 08:01:45', '0000-00-00 00:00:00'),
(50, 'sale', '', 182, 20150182, 0, '', 17885, '2015-11-26', 'active', 12, '2019-09-10 08:32:00', '0000-00-00 00:00:00'),
(51, 'sale', '', 277, 20150227, 0, '', 14288, '2015-12-06', 'active', 12, '2019-09-10 08:38:02', '0000-00-00 00:00:00'),
(52, 'sale', '', 333, 20150333, 0, '', 2090, '2016-01-14', 'active', 12, '2019-09-10 08:53:40', '0000-00-00 00:00:00'),
(53, 'sale', '', 437, 20150437, 0, '', 3045, '2016-03-09', 'active', 12, '2019-09-10 08:57:51', '0000-00-00 00:00:00'),
(54, 'sale', '', 482, 20160482, 0, '', 18692.5, '2016-03-29', 'active', 12, '2019-09-10 09:01:39', '0000-00-00 00:00:00'),
(55, 'sale', '', 516, 20160516, 0, '', 10346.2, '2016-04-18', 'active', 12, '2019-09-10 09:05:13', '0000-00-00 00:00:00'),
(56, 'sale', '', 548, 20160548, 0, '', 9537.1, '2016-05-15', 'active', 12, '2019-09-10 09:08:15', '0000-00-00 00:00:00'),
(57, 'sale', '', 621, 20160621, 0, '', 13570, '2016-06-15', 'active', 12, '2019-09-10 09:16:37', '0000-00-00 00:00:00'),
(58, 'sale', '', 641, 20160641, 0, '', 8230, '2016-06-22', 'active', 12, '2019-09-10 09:23:24', '0000-00-00 00:00:00'),
(59, 'purchase', '', 1, 8, 0, '', 535706, '2016-01-01', 'active', 12, '2019-09-11 07:06:53', '0000-00-00 00:00:00'),
(60, 'sale', '', 4687, 20160672, 0, '', 6565, '2016-07-17', 'active', 12, '2019-09-11 07:31:58', '0000-00-00 00:00:00'),
(61, 'sale', '', 706, 20160706, 0, '', 92000, '2016-08-10', 'active', 12, '2019-09-11 07:48:41', '0000-00-00 00:00:00'),
(62, 'sale', '', 716, 20160716, 0, '', 23201.5, '2016-08-13', 'active', 12, '2019-09-11 07:52:09', '0000-00-00 00:00:00'),
(63, 'sale', '', 281, 201502990, 0, '', 23201.5, '2019-09-11', 'active', 12, '2019-09-11 08:46:14', '0000-00-00 00:00:00'),
(64, 'sale', '', 716, 20160717, 0, '', 70238, '2016-08-13', 'active', 12, '2019-09-11 11:07:54', '0000-00-00 00:00:00'),
(65, 'sale', '', 787, 20160787, 0, '', 41500, '2016-09-12', 'active', 12, '2019-09-11 11:36:09', '0000-00-00 00:00:00'),
(66, 'sale', '', 879, 20160879, 0, '', 67000, '2016-10-20', 'active', 12, '2019-09-11 11:43:30', '0000-00-00 00:00:00'),
(67, 'sale', '', 925, 20160925, 0, '', 14960, '2016-11-03', 'active', 12, '2019-09-12 04:02:52', '0000-00-00 00:00:00'),
(68, 'sale', '', 1085, 20161085, 0, '', 38040, '2016-12-10', 'active', 12, '2019-09-12 04:05:58', '0000-00-00 00:00:00'),
(69, 'sale', '', 1278, 20171278, 0, '', 7000, '2017-01-28', 'active', 12, '2019-09-12 04:12:09', '0000-00-00 00:00:00'),
(70, 'sale', '', 1307, 20171307, 0, '', 23230, '2017-02-09', 'active', 12, '2019-09-12 04:15:28', '0000-00-00 00:00:00'),
(71, 'sale', '', 1377, 20171377, 0, '', 1500, '2017-02-27', 'active', 12, '2019-09-12 04:23:48', '0000-00-00 00:00:00'),
(72, 'sale', '', 1390, 20171390, 0, '', 5000, '2017-03-04', 'active', 12, '2019-09-12 06:39:32', '0000-00-00 00:00:00'),
(73, 'sale', '', 1504, 20171504, 0, '', 1000, '2017-04-12', 'active', 12, '2019-09-12 06:44:09', '0000-00-00 00:00:00'),
(74, 'sale', '', 1523, 20171523, 0, '', 129500, '2017-04-18', 'active', 12, '2019-09-12 06:52:01', '0000-00-00 00:00:00'),
(75, 'purchase', '', 1, 9, 0, '', 611739, '2017-01-01', 'active', 12, '2019-09-12 07:35:23', '0000-00-00 00:00:00'),
(76, 'sale', '', 1776, 20171776, 0, '', 10000, '2017-08-31', 'active', 12, '2019-09-12 07:39:02', '0000-00-00 00:00:00'),
(77, 'sale', '', 1835, 20171835, 0, '', 4575, '2017-09-25', 'active', 12, '2019-09-12 08:08:59', '0000-00-00 00:00:00'),
(78, 'sale', '', 1890, 20171890, 0, '', 132500, '2017-10-19', 'active', 12, '2019-09-12 08:15:31', '0000-00-00 00:00:00'),
(79, 'sale', '', 2006, 20172006, 0, '', 52500, '2017-11-16', 'active', 12, '2019-09-12 08:20:00', '0000-00-00 00:00:00'),
(80, 'sale', '', 2055, 20172055, 0, '', 21831, '2017-11-30', 'active', 12, '2019-09-12 08:23:36', '0000-00-00 00:00:00'),
(81, 'sale', '', 2061, 20172061, 0, '', 2358, '2017-12-02', 'active', 12, '2019-09-12 08:28:02', '0000-00-00 00:00:00'),
(82, 'sale', '', 2096, 20172096, 0, '', 3635, '2017-12-12', 'active', 12, '2019-09-12 08:37:18', '0000-00-00 00:00:00'),
(83, 'sale', '', 2118, 20172118, 0, '', 5500, '2017-12-18', 'active', 12, '2019-09-12 08:40:25', '0000-00-00 00:00:00'),
(84, 'sale', '', 2170, 20172170, 0, '', 3424, '2017-12-29', 'active', 12, '2019-09-12 08:49:12', '0000-00-00 00:00:00'),
(85, 'sale', '', 2250, 20182250, 0, '', 5000, '2018-01-22', 'active', 12, '2019-09-12 08:54:02', '0000-00-00 00:00:00'),
(86, 'sale', '', 2314, 20182314, 0, '', 2500, '2018-02-10', 'active', 12, '2019-09-12 09:08:30', '0000-00-00 00:00:00'),
(87, 'sale', '', 2369, 20182369, 0, '', 17500, '2018-02-20', 'active', 12, '2019-09-12 09:54:50', '0000-00-00 00:00:00'),
(88, 'sale', '', 2372, 20182372, 0, '', 8570, '2018-02-22', 'active', 12, '2019-09-12 09:57:18', '0000-00-00 00:00:00'),
(89, 'sale', '', 2417, 20182417, 0, '', 7280, '2018-03-05', 'active', 12, '2019-09-12 09:59:44', '0000-00-00 00:00:00'),
(90, 'sale', '', 2419, 20182419, 0, '', 4335, '2018-03-05', 'active', 12, '2019-09-12 10:02:12', '0000-00-00 00:00:00'),
(91, 'sale', '', 2427, 20182427, 0, '', 2300, '2018-03-08', 'active', 12, '2019-09-12 10:04:50', '0000-00-00 00:00:00'),
(92, 'sale', '', 2458, 20182458, 0, '', 10250, '2018-03-13', 'active', 12, '2019-09-12 10:07:48', '0000-00-00 00:00:00'),
(93, 'sale', '', 2469, 20182469, 0, '', 26000, '2018-03-15', 'active', 12, '2019-09-12 10:12:39', '0000-00-00 00:00:00'),
(94, 'sale', '', 1085, 20182518, 0, '', 60080, '2018-03-29', 'active', 12, '2019-09-12 10:15:03', '0000-00-00 00:00:00'),
(95, 'sale', '', 2533, 20182533, 0, '', 2500, '2018-04-01', 'active', 12, '2019-09-12 10:19:36', '0000-00-00 00:00:00'),
(96, 'sale', '', 2537, 20182537, 0, '', 3575, '2018-04-03', 'active', 12, '2019-09-14 05:20:12', '0000-00-00 00:00:00'),
(97, 'sale', '', 2548, 20182548, 0, '', 4000, '2018-04-05', 'active', 12, '2019-09-14 05:23:32', '0000-00-00 00:00:00'),
(98, 'sale', '', 2592, 20182592, 0, '', 3500, '2018-04-19', 'active', 12, '2019-09-14 05:26:26', '0000-00-00 00:00:00'),
(99, 'sale', '', 2594, 20182594, 0, '', 18650, '2018-04-20', 'active', 12, '2019-09-14 05:32:43', '0000-00-00 00:00:00'),
(100, 'sale', '', 2600, 20182006, 0, '', 5000, '2018-04-23', 'active', 12, '2019-09-14 05:48:28', '0000-00-00 00:00:00'),
(101, 'sale', '', 2629, 20182629, 0, '', 5000, '2018-05-01', 'active', 12, '2019-09-14 05:50:56', '0000-00-00 00:00:00'),
(102, 'sale', '', 2644, 20182644, 0, '', 3000, '2018-05-12', 'active', 12, '2019-09-14 05:53:26', '0000-00-00 00:00:00'),
(103, 'sale', '', 4691, 20182654, 0, '', 5538, '2018-05-14', 'active', 12, '2019-09-14 06:04:14', '0000-00-00 00:00:00'),
(104, 'sale', '', 2663, 20182663, 0, '', 11113, '2018-05-17', 'active', 12, '2019-09-14 06:06:44', '0000-00-00 00:00:00'),
(105, 'sale', '', 2663, 20182664, 0, '', 11313, '2018-05-17', 'active', 12, '2019-09-14 06:28:40', '0000-00-00 00:00:00'),
(106, 'sale', '', 2671, 20182671, 0, '', 3000, '2018-05-19', 'active', 12, '2019-09-14 06:31:30', '0000-00-00 00:00:00'),
(107, 'sale', '', 2680, 20182680, 0, '', 10535, '2018-05-23', 'active', 12, '2019-09-14 06:39:07', '0000-00-00 00:00:00'),
(108, 'sale', '', 4689, 20182685, 0, '', 9500, '2018-05-24', 'active', 12, '2019-09-14 06:43:15', '0000-00-00 00:00:00'),
(109, 'sale', '', 4690, 20182728, 0, '', 11875, '2018-06-05', 'active', 12, '2019-09-14 06:46:42', '0000-00-00 00:00:00'),
(110, 'sale', '', 2730, 20182730, 0, '', 5163, '2018-06-06', 'active', 12, '2019-09-14 07:09:22', '0000-00-00 00:00:00'),
(111, 'sale', '', 2731, 20182731, 0, '', 18563, '2018-06-06', 'active', 12, '2019-09-14 07:17:56', '0000-00-00 00:00:00'),
(112, 'sale', '', 2731, 20182732, 0, '', 54713, '2018-06-06', 'active', 12, '2019-09-14 07:20:54', '0000-00-00 00:00:00'),
(113, 'sale', '', 4691, 20182739, 0, '', 22063, '2018-06-07', 'active', 12, '2019-09-14 07:40:33', '0000-00-00 00:00:00'),
(114, 'sale', '', 2644, 20182771, 0, '', 3500, '2018-06-11', 'active', 12, '2019-09-14 07:43:45', '0000-00-00 00:00:00'),
(115, 'sale', '', 2644, 20182791, 0, '', 3500, '2018-06-13', 'active', 12, '2019-09-14 07:47:20', '0000-00-00 00:00:00'),
(116, 'sale', '', 2814, 20182814, 0, '', 11000, '2018-06-15', 'active', 12, '2019-09-14 07:53:29', '0000-00-00 00:00:00'),
(117, 'sale', '', 2833, 20182833, 0, '', 5000, '2018-06-23', 'active', 12, '2019-09-14 07:56:12', '0000-00-00 00:00:00'),
(118, 'purchase', '', 1, 10, 0, '', 300000, '2018-01-01', 'active', 12, '2019-09-16 05:35:58', '0000-00-00 00:00:00'),
(123, 'sale', '', 106, 20100106, 0, '', 15587, '2010-01-11', 'active', 12, '2019-09-19 08:26:30', '0000-00-00 00:00:00'),
(124, 'sale', '', 119, 20100119, 0, '', 15040, '2010-01-31', 'active', 12, '2019-09-19 08:33:45', '0000-00-00 00:00:00'),
(125, 'installmentfee', '', 2860, 20182860, 0, '', 20015, '2018-07-04', 'active', 12, '2019-09-20 05:33:03', '0000-00-00 00:00:00'),
(126, 'sale', '', 2860, 20182860, 0, '', 13100, '2018-07-04', 'active', 12, '2019-09-20 05:33:03', '0000-00-00 00:00:00'),
(127, 'installmentfee', '', 2890, 20182890, 0, '', 20645, '2018-07-16', 'active', 12, '2019-09-20 05:39:05', '0000-00-00 00:00:00'),
(128, 'sale', '', 2890, 20182890, 0, '', 6500, '2018-07-16', 'active', 12, '2019-09-20 05:39:05', '0000-00-00 00:00:00'),
(129, 'installmentfee', '', 2891, 20182891, 0, '', 6705, '2018-07-16', 'active', 12, '2019-09-20 05:42:37', '0000-00-00 00:00:00'),
(130, 'sale', '', 2891, 20182891, 0, '', 4440, '2018-07-16', 'active', 12, '2019-09-20 05:42:37', '0000-00-00 00:00:00'),
(131, 'installmentfee', '', 2911, 20182911, 0, '', 16550, '2019-09-20', 'active', 12, '2019-09-20 05:55:17', '0000-00-00 00:00:00'),
(132, 'installmentfee', '', 2940, 20182940, 0, '', 4613, '2019-09-20', 'active', 12, '2019-09-20 05:58:18', '0000-00-00 00:00:00'),
(133, 'sale', '', 2940, 20182940, 0, '', 3050, '2019-09-20', 'active', 12, '2019-09-20 05:58:18', '0000-00-00 00:00:00'),
(134, 'installmentfee', '', 2118, 20182948, 0, '', 35128, '2019-09-20', 'active', 12, '2019-09-20 06:01:29', '0000-00-00 00:00:00'),
(135, 'sale', '', 2118, 20182948, 0, '', 29500, '2019-09-20', 'active', 12, '2019-09-20 06:01:29', '0000-00-00 00:00:00'),
(136, 'installmentfee', '', 2950, 20182950, 0, '', 16993, '2018-08-07', 'active', 12, '2019-09-20 06:05:28', '0000-00-00 00:00:00'),
(137, 'sale', '', 2950, 20182950, 0, '', 5200, '2018-08-07', 'active', 12, '2019-09-20 06:05:28', '0000-00-00 00:00:00'),
(138, 'installmentfee', '', 3097, 20182957, 0, '', 6613, '2018-08-10', 'active', 12, '2019-09-20 06:08:36', '0000-00-00 00:00:00'),
(139, 'sale', '', 3097, 20182957, 0, '', 2000, '2018-08-10', 'active', 12, '2019-09-20 06:08:36', '0000-00-00 00:00:00'),
(140, 'installmentfee', '', 2969, 20182969, 0, '', 12313, '2018-08-14', 'active', 12, '2019-09-20 06:15:03', '0000-00-00 00:00:00'),
(141, 'sale', '', 2969, 20182969, 0, '', 4000, '2018-08-14', 'active', 12, '2019-09-20 06:15:03', '0000-00-00 00:00:00'),
(142, 'installmentfee', '', 2986, 20182986, 0, '', 8318, '2018-08-19', 'active', 12, '2019-09-20 06:21:42', '0000-00-00 00:00:00'),
(143, 'sale', '', 2986, 20182986, 0, '', 4000, '2018-08-19', 'active', 12, '2019-09-20 06:21:42', '0000-00-00 00:00:00'),
(144, 'installmentfee', '', 3010, 20183010, 0, '', 13093, '2018-08-21', 'active', 12, '2019-09-20 06:25:01', '0000-00-00 00:00:00'),
(145, 'sale', '', 3010, 20183010, 0, '', 4200, '2018-08-21', 'active', 12, '2019-09-20 06:25:01', '0000-00-00 00:00:00'),
(146, 'installmentfee', '', 3011, 20183011, 0, '', 1150, '2018-08-21', 'active', 12, '2019-09-20 06:27:59', '0000-00-00 00:00:00'),
(147, 'sale', '', 3011, 20183011, 0, '', 500, '2018-08-21', 'active', 12, '2019-09-20 06:27:59', '0000-00-00 00:00:00'),
(148, 'installmentfee', '', 3025, 20183025, 0, '', 15725, '2018-08-26', 'active', 12, '2019-09-20 06:33:17', '0000-00-00 00:00:00'),
(149, 'installmentfee', '', 3034, 20183034, 0, '', 1150, '2018-08-28', 'active', 12, '2019-09-20 06:35:45', '0000-00-00 00:00:00'),
(150, 'sale', '', 3034, 20183034, 0, '', 500, '2018-08-28', 'active', 12, '2019-09-20 06:35:45', '0000-00-00 00:00:00'),
(151, 'sale', '', 3037, 20183037, 0, '', 4275, '2018-08-28', 'active', 12, '2019-09-20 06:38:46', '0000-00-00 00:00:00'),
(152, 'installmentfee', '', 4692, 20183050, 0, '', 10085, '2018-08-30', 'active', 12, '2019-09-20 06:41:30', '0000-00-00 00:00:00'),
(153, 'sale', '', 4692, 20183050, 0, '', 300, '2018-08-30', 'active', 12, '2019-09-20 06:41:30', '0000-00-00 00:00:00'),
(154, 'sale', '', 3053, 20183053, 0, '', 21000, '2018-08-30', 'active', 12, '2019-09-20 06:44:36', '0000-00-00 00:00:00'),
(155, 'installmentfee', '', 3103, 20183103, 0, '', 2588, '2018-09-11', 'active', 12, '2019-09-20 06:49:24', '0000-00-00 00:00:00'),
(156, 'sale', '', 3103, 20183103, 0, '', 4025, '2018-09-11', 'active', 12, '2019-09-20 06:49:24', '0000-00-00 00:00:00'),
(157, 'installmentfee', '', 3108, 20183108, 0, '', 5775, '2018-09-13', 'active', 12, '2019-09-20 06:52:21', '0000-00-00 00:00:00'),
(158, 'sale', '', 3108, 20183108, 0, '', 2125, '2018-09-13', 'active', 12, '2019-09-20 06:52:21', '0000-00-00 00:00:00'),
(159, 'installmentfee', '', 3147, 20183147, 0, '', 2025, '2019-09-20', 'active', 12, '2019-09-20 06:55:47', '0000-00-00 00:00:00'),
(160, 'sale', '', 3147, 20183147, 0, '', 13065, '2019-09-20', 'active', 12, '2019-09-20 06:55:47', '0000-00-00 00:00:00'),
(161, 'installmentfee', '', 3213, 20183213, 0, '', 13775, '2018-10-04', 'active', 12, '2019-09-20 06:59:00', '0000-00-00 00:00:00'),
(162, 'sale', '', 3213, 20183213, 0, '', 2000, '2018-10-04', 'active', 12, '2019-09-20 06:59:00', '0000-00-00 00:00:00'),
(163, 'installmentfee', '', 2814, 20183216, 0, '', 16560, '2019-09-20', 'active', 12, '2019-09-20 07:15:15', '0000-00-00 00:00:00'),
(164, 'sale', '', 2814, 20183216, 0, '', 45000, '2019-09-20', 'active', 12, '2019-09-20 07:15:15', '0000-00-00 00:00:00'),
(165, 'installmentfee', '', 2730, 20183290, 0, '', 10240, '2018-10-14', 'active', 12, '2019-09-20 07:18:19', '0000-00-00 00:00:00'),
(166, 'installmentfee', '', 3310, 20183310, 0, '', 11600, '2018-10-10', 'active', 12, '2019-09-20 07:21:16', '0000-00-00 00:00:00'),
(167, 'installmentfee', '', 3316, 20183316, 0, '', 10775, '2018-10-17', 'active', 12, '2019-09-20 07:24:32', '0000-00-00 00:00:00'),
(168, 'installmentfee', '', 3352, 20183352, 0, '', 11780, '2018-10-20', 'active', 12, '2019-09-20 07:28:19', '0000-00-00 00:00:00'),
(169, 'sale', '', 3352, 20183352, 0, '', 500, '2018-10-20', 'active', 12, '2019-09-20 07:28:19', '0000-00-00 00:00:00'),
(170, 'installmentfee', '', 3377, 20183377, 0, '', 9635, '2018-10-22', 'active', 12, '2019-09-20 07:31:26', '0000-00-00 00:00:00'),
(171, 'sale', '', 3377, 20183377, 0, '', 1500, '2018-10-22', 'active', 12, '2019-09-20 07:31:26', '0000-00-00 00:00:00'),
(172, 'installmentfee', '', 4693, 20183414, 0, '', 12898, '2018-10-25', 'active', 12, '2019-09-20 07:34:19', '0000-00-00 00:00:00'),
(173, 'sale', '', 4693, 20183414, 0, '', 5000, '2018-10-25', 'active', 12, '2019-09-20 07:34:19', '0000-00-00 00:00:00'),
(174, 'installmentfee', '', 3430, 20183430, 0, '', 13828, '2018-10-27', 'active', 12, '2019-09-20 07:37:05', '0000-00-00 00:00:00'),
(175, 'sale', '', 3430, 20183430, 0, '', 23500, '2018-10-27', 'active', 12, '2019-09-20 07:37:05', '0000-00-00 00:00:00'),
(176, 'installmentfee', '', 3430, 20183431, 0, '', 13828, '2019-09-20', 'active', 12, '2019-09-20 07:39:55', '0000-00-00 00:00:00'),
(177, 'sale', '', 3430, 20183431, 0, '', 23500, '2019-09-20', 'active', 12, '2019-09-20 07:39:55', '0000-00-00 00:00:00'),
(178, 'installmentfee', '', 3453, 20183453, 0, '', 4388, '2018-10-30', 'active', 12, '2019-09-20 07:42:39', '0000-00-00 00:00:00'),
(179, 'sale', '', 3453, 20183453, 0, '', 1000, '2018-10-30', 'active', 12, '2019-09-20 07:42:39', '0000-00-00 00:00:00'),
(180, 'installmentfee', '', 3496, 20183496, 0, '', 12575, '2018-11-05', 'active', 12, '2019-09-20 07:45:25', '0000-00-00 00:00:00'),
(181, 'sale', '', 3496, 20183496, 0, '', 18200, '2018-11-05', 'active', 12, '2019-09-20 07:45:25', '0000-00-00 00:00:00'),
(182, 'installmentfee', '', 3382, 20183504, 0, '', 13775, '2018-11-05', 'active', 12, '2019-09-20 07:48:16', '0000-00-00 00:00:00'),
(183, 'sale', '', 3382, 20183504, 0, '', 48000, '2018-11-05', 'active', 12, '2019-09-20 07:48:16', '0000-00-00 00:00:00'),
(184, 'installmentfee', '', 4694, 20183510, 0, '', 13025, '2018-11-06', 'active', 12, '2019-09-20 07:50:43', '0000-00-00 00:00:00'),
(185, 'sale', '', 4694, 20183510, 0, '', 800, '2018-11-06', 'active', 12, '2019-09-20 07:50:43', '0000-00-00 00:00:00'),
(186, 'sale', '', 3552, 20183552, 0, '', 500, '2019-09-20', 'active', 12, '2019-09-20 07:53:22', '0000-00-00 00:00:00'),
(187, 'installmentfee', '', 4695, 20183574, 0, '', 9148, '2018-11-18', 'active', 12, '2019-09-20 07:57:16', '0000-00-00 00:00:00'),
(188, 'installmentfee', '', 3576, 20183576, 0, '', 10535, '2018-11-18', 'active', 12, '2019-09-20 08:00:13', '0000-00-00 00:00:00'),
(189, 'sale', '', 3576, 20183576, 0, '', 5900, '2018-11-18', 'active', 12, '2019-09-20 08:00:13', '0000-00-00 00:00:00'),
(190, 'installmentfee', '', 3584, 20183584, 0, '', 3218, '2018-11-20', 'active', 12, '2019-09-20 08:02:51', '0000-00-00 00:00:00'),
(191, 'sale', '', 3584, 20183584, 0, '', 618, '2018-11-20', 'active', 12, '2019-09-20 08:02:51', '0000-00-00 00:00:00'),
(192, 'installmentfee', '', 3654, 20183654, 0, '', 17675, '2018-11-29', 'active', 12, '2019-09-20 09:28:37', '0000-00-00 00:00:00'),
(193, 'sale', '', 3654, 20183654, 0, '', 19500, '2018-11-29', 'active', 12, '2019-09-20 09:28:37', '0000-00-00 00:00:00'),
(194, 'sale', '', 3662, 20183662, 0, '', 4998, '2018-11-29', 'active', 12, '2019-09-20 09:40:24', '0000-00-00 00:00:00'),
(195, 'sale', '', 3704, 20183704, 0, '', 39500, '2018-12-04', 'active', 12, '2019-09-20 09:47:46', '0000-00-00 00:00:00'),
(196, 'installmentfee', '', 4696, 20183732, 0, '', 2156, '2018-12-08', 'active', 12, '2019-09-20 09:50:38', '0000-00-00 00:00:00'),
(197, 'sale', '', 4696, 20183732, 0, '', 293, '2018-12-08', 'active', 12, '2019-09-20 09:50:38', '2019-09-20 10:20:33'),
(198, 'installmentfee', '', 3741, 20183741, 0, '', 16273, '2018-12-09', 'active', 12, '2019-09-20 09:54:35', '0000-00-00 00:00:00'),
(199, 'sale', '', 3741, 20183741, 0, '', 38500, '2018-12-09', 'active', 12, '2019-09-20 09:54:35', '2019-09-20 10:24:40'),
(200, 'sale', '', 3751, 20183751, 0, '', 9500, '2018-12-11', 'active', 12, '2019-09-20 09:57:18', '0000-00-00 00:00:00'),
(201, 'installmentfee', '', 3757, 20183757, 0, '', 1931, '2018-12-13', 'active', 12, '2019-09-26 04:52:52', '0000-00-00 00:00:00'),
(202, 'sale', '', 3757, 20183757, 0, '', 9961, '2018-12-13', 'active', 12, '2019-09-26 04:52:52', '0000-00-00 00:00:00'),
(203, 'installmentfee', '', 4697, 20183786, 0, '', 2687, '2018-12-17', 'active', 12, '2019-09-26 05:03:16', '0000-00-00 00:00:00'),
(204, 'sale', '', 4697, 20183786, 0, '', 4900, '2018-12-17', 'active', 12, '2019-09-26 05:03:16', '0000-00-00 00:00:00'),
(205, 'installmentfee', '', 4698, 20183790, 0, '', 1931, '2018-12-17', 'active', 12, '2019-09-26 05:06:19', '0000-00-00 00:00:00'),
(206, 'sale', '', 4698, 20183790, 0, '', 18961, '2018-12-17', 'active', 12, '2019-09-26 05:06:19', '0000-00-00 00:00:00'),
(207, 'installmentfee', '', 3802, 20183802, 0, '', 2021, '2018-12-19', 'active', 12, '2019-09-26 05:23:45', '0000-00-00 00:00:00'),
(208, 'sale', '', 3802, 20183802, 0, '', 8641, '2018-12-19', 'active', 12, '2019-09-26 05:23:45', '0000-00-00 00:00:00'),
(209, 'installmentfee', '', 3848, 20193848, 0, '', 1706, '2019-01-03', 'active', 12, '2019-09-26 05:26:32', '0000-00-00 00:00:00'),
(210, 'sale', '', 3848, 20193848, 0, '', 5311, '2019-01-03', 'active', 12, '2019-09-26 05:26:32', '0000-00-00 00:00:00'),
(211, 'installmentfee', '', 3858, 20193858, 0, '', 2201, '2019-01-06', 'active', 12, '2019-09-26 05:31:48', '0000-00-00 00:00:00'),
(212, 'sale', '', 3858, 20193858, 0, '', 2899, '2019-01-06', 'active', 12, '2019-09-26 05:31:48', '0000-00-00 00:00:00'),
(213, 'installmentfee', '', 3874, 20193874, 0, '', 2111, '2019-01-09', 'active', 12, '2019-09-26 05:34:22', '0000-00-00 00:00:00'),
(214, 'sale', '', 3874, 20193874, 0, '', 28084, '2019-01-09', 'active', 12, '2019-09-26 05:34:22', '0000-00-00 00:00:00'),
(215, 'installmentfee', '', 3905, 20193905, 0, '', 1931, '2019-01-19', 'active', 12, '2019-09-26 05:37:08', '0000-00-00 00:00:00'),
(216, 'sale', '', 3905, 20193905, 0, '', 8118, '2019-01-19', 'active', 12, '2019-09-26 05:37:08', '0000-00-00 00:00:00'),
(217, 'sale', '', 3912, 201502992, 0, '', 10640, '2019-01-20', 'active', 12, '2019-09-26 05:52:31', '0000-00-00 00:00:00'),
(218, 'sale', '', 4699, 20193924, 0, '', 8848, '2019-01-12', 'active', 12, '2019-09-26 06:08:35', '0000-00-00 00:00:00'),
(219, 'installmentfee', '', 3382, 20193937, 0, '', 11348, '2019-01-27', 'active', 12, '2019-09-26 06:32:30', '0000-00-00 00:00:00'),
(220, 'sale', '', 3382, 20193937, 0, '', 47900, '2019-01-27', 'active', 12, '2019-09-26 06:32:30', '0000-00-00 00:00:00'),
(221, 'collection', 'cash', 3939, 20193939, 0, '', 50000, '2019-01-28', 'active', 12, '2019-09-26 08:47:21', '0000-00-00 00:00:00'),
(222, 'installmentfee', '', 3939, 20193939, 0, '', 5000, '2019-01-28', 'active', 12, '2019-09-26 08:47:21', '0000-00-00 00:00:00'),
(223, 'sale', '', 3939, 20193939, 0, '', 97900, '2019-01-28', 'active', 12, '2019-09-26 08:47:21', '0000-00-00 00:00:00'),
(224, 'interestsale', '', 3939, 20193939, 0, '', 5554.5, '2019-01-28', 'active', 12, '2019-09-26 08:47:21', '0000-00-00 00:00:00'),
(225, 'collection', 'cash', 3939, 20193939, 168, '', 7557.14, '2019-09-26', 'active', 12, '2019-09-26 08:49:27', '0000-00-00 00:00:00'),
(226, 'interestcollection', 'cash', 3939, 20193939, 168, '', 793.5, '2019-09-26', 'active', 12, '2019-09-26 08:49:27', '0000-00-00 00:00:00'),
(227, 'collection', 'cash', 3939, 20193939, 169, '', 7557.14, '2019-09-26', 'active', 12, '2019-09-26 08:50:29', '0000-00-00 00:00:00'),
(228, 'interestcollection', 'cash', 3939, 20193939, 169, '', 793.5, '2019-09-26', 'active', 12, '2019-09-26 08:50:29', '0000-00-00 00:00:00'),
(229, 'collection', 'cash', 3939, 20193939, 170, '', 7506.5, '2019-09-26', 'active', 12, '2019-09-26 08:51:22', '0000-00-00 00:00:00'),
(230, 'interestcollection', 'cash', 3939, 20193939, 170, '', 793.5, '2019-09-26', 'active', 12, '2019-09-26 08:51:22', '0000-00-00 00:00:00'),
(231, 'collection', 'cash', 3951, 20193951, 0, '', 50000, '2019-01-31', 'active', 12, '2019-09-26 09:02:20', '0000-00-00 00:00:00'),
(232, 'installmentfee', '', 3951, 20193951, 0, '', 5000, '2019-01-31', 'active', 12, '2019-09-26 09:02:20', '0000-00-00 00:00:00'),
(233, 'sale', '', 3951, 20193951, 0, '', 97900, '2019-01-31', 'active', 12, '2019-09-26 09:02:20', '0000-00-00 00:00:00'),
(234, 'interestsale', '', 3951, 20193951, 0, '', 4761, '2019-01-31', 'active', 12, '2019-09-26 09:02:20', '0000-00-00 00:00:00'),
(235, 'collection', 'cash', 4039, 20194039, 0, '', 50000, '2019-09-26', 'active', 12, '2019-09-26 09:22:21', '0000-00-00 00:00:00'),
(236, 'installmentfee', '', 4039, 20194039, 0, '', 5000, '2019-09-26', 'active', 12, '2019-09-26 09:22:21', '0000-00-00 00:00:00'),
(237, 'sale', '', 4039, 20194039, 0, '', 97900, '2019-09-26', 'active', 12, '2019-09-26 09:22:21', '0000-00-00 00:00:00'),
(238, 'interestsale', '', 4039, 20194039, 0, '', 4761, '2019-09-26', 'active', 12, '2019-09-26 09:22:21', '0000-00-00 00:00:00'),
(239, 'collection', 'cash', 3951, 20193951, 173, '', 19206.5, '2019-09-26', 'active', 12, '2019-09-26 09:23:45', '0000-00-00 00:00:00'),
(240, 'interestcollection', 'cash', 3951, 20193951, 173, '', 793.5, '2019-09-26', 'active', 12, '2019-09-26 09:23:45', '0000-00-00 00:00:00'),
(241, 'collection', 'cash', 3951, 20193951, 174, '', 14206.5, '2019-09-26', 'active', 12, '2019-09-26 09:24:25', '0000-00-00 00:00:00'),
(242, 'interestcollection', 'cash', 3951, 20193951, 174, '', 793.5, '2019-09-26', 'active', 12, '2019-09-26 09:24:25', '0000-00-00 00:00:00'),
(243, 'installmentfee', '', 3382, 20193953, 0, '', 10555, '2019-02-01', 'active', 12, '2019-09-26 10:00:18', '0000-00-00 00:00:00'),
(244, 'sale', '', 3382, 20193953, 0, '', 47900, '2019-02-01', 'active', 12, '2019-09-26 10:00:18', '0000-00-00 00:00:00');

-- --------------------------------------------------------

--
-- Table structure for table `transaction_receipt_info`
--

CREATE TABLE `transaction_receipt_info` (
  `transaction_receipt_id` int(10) NOT NULL,
  `shop_id` int(3) NOT NULL,
  `transaction_receipt_amount` double NOT NULL,
  `transaction_receipt_mode` char(7) NOT NULL,
  `transaction_receipt_ref_id` int(10) NOT NULL,
  `transaction_receipt_ref_table` char(20) NOT NULL,
  `transaction_receipt_cheque_id` int(10) NOT NULL,
  `transaction_receipt_doc` date NOT NULL,
  `transaction_receipt_dom` date NOT NULL,
  `transaction_receipt_status` tinyint(1) NOT NULL,
  `transaction_receipt_creator` int(10) NOT NULL
) ENGINE=InnoDB DEFAULT CHARSET=latin1;

-- --------------------------------------------------------

--
-- Table structure for table `transaction_ref_details`
--

CREATE TABLE `transaction_ref_details` (
  `transaction_ref_details_id` int(100) NOT NULL,
  `ref_id` int(100) NOT NULL,
  `transaction_purpose` varchar(250) NOT NULL,
  `transaction_amount` double NOT NULL,
  `transaction_table_ref_name` varchar(250) NOT NULL,
  `transaction_table_ref_id_field` varchar(250) NOT NULL,
  `transaction_type` varchar(250) NOT NULL,
  `transaction_ref_details_doc` date NOT NULL,
  `transaction_ref_details_dom` date NOT NULL,
  `transaction_ref_details_creator` int(100) NOT NULL
) ENGINE=InnoDB DEFAULT CHARSET=latin1;

-- --------------------------------------------------------

--
-- Table structure for table `type_info`
--

CREATE TABLE `type_info` (
  `type_id` int(100) NOT NULL,
  `type_name` varchar(250) NOT NULL,
  `type_type` varchar(250) DEFAULT NULL,
  `type_doc` timestamp NOT NULL DEFAULT CURRENT_TIMESTAMP,
  `type_dom` timestamp NOT NULL DEFAULT '0000-00-00 00:00:00' ON UPDATE CURRENT_TIMESTAMP,
  `type_creator` int(100) NOT NULL
) ENGINE=InnoDB DEFAULT CHARSET=latin1;

-- --------------------------------------------------------

--
-- Table structure for table `unit_info`
--

CREATE TABLE `unit_info` (
  `unit_id` int(11) NOT NULL,
  `unit_name` varchar(40) NOT NULL
) ENGINE=InnoDB DEFAULT CHARSET=latin1;

--
-- Dumping data for table `unit_info`
--

INSERT INTO `unit_info` (`unit_id`, `unit_name`) VALUES
(1, 'piece');

-- --------------------------------------------------------

--
-- Table structure for table `users`
--

CREATE TABLE `users` (
  `id` int(100) NOT NULL,
  `username` varchar(250) COLLATE utf8_bin NOT NULL,
  `password` varchar(250) COLLATE utf8_bin NOT NULL,
  `password2` varchar(255) COLLATE utf8_bin NOT NULL,
  `shop_id` int(3) NOT NULL,
  `user_type` varchar(250) COLLATE utf8_bin NOT NULL,
  `user_full_name` varchar(250) COLLATE utf8_bin NOT NULL,
  `user_address` varchar(250) COLLATE utf8_bin NOT NULL,
  `email` varchar(250) COLLATE utf8_bin NOT NULL,
  `activated` tinyint(1) NOT NULL DEFAULT '1',
  `banned` tinyint(1) NOT NULL DEFAULT '0',
  `ban_reason` varchar(255) COLLATE utf8_bin DEFAULT NULL,
  `new_password_key` varchar(250) COLLATE utf8_bin DEFAULT NULL,
  `new_password_requested` datetime DEFAULT NULL,
  `new_email` varchar(250) COLLATE utf8_bin DEFAULT NULL,
  `new_email_key` varchar(250) COLLATE utf8_bin DEFAULT NULL,
  `last_ip` varchar(250) COLLATE utf8_bin NOT NULL,
  `last_login` datetime NOT NULL DEFAULT '0000-00-00 00:00:00',
  `created` datetime NOT NULL DEFAULT '0000-00-00 00:00:00',
  `modified` timestamp NOT NULL DEFAULT CURRENT_TIMESTAMP ON UPDATE CURRENT_TIMESTAMP
) ENGINE=InnoDB DEFAULT CHARSET=utf8 COLLATE=utf8_bin;

--
-- Dumping data for table `users`
--

INSERT INTO `users` (`id`, `username`, `password`, `password2`, `shop_id`, `user_type`, `user_full_name`, `user_address`, `email`, `activated`, `banned`, `ban_reason`, `new_password_key`, `new_password_requested`, `new_email`, `new_email_key`, `last_ip`, `last_login`, `created`, `modified`) VALUES
(12, 'admin', '$2a$08$jtgIWmApi2qjF9YbBC6bKeq22ZpWEZrBXtmHUAKmblCTRFS1pfb1a', '1234', 1, 'superadmin', 'মিস্টার জনি', 'Sylhet', '123456', 1, 0, NULL, NULL, NULL, NULL, NULL, '118.179.77.178', '2019-09-26 14:01:19', '2017-06-14 15:46:54', '2019-09-26 08:01:19'),
(18, 'seller_1', '$2a$08$prLzr7wcRZ.YNn2wkLZa/uzis/TLpfqfdjvgJTSVH.o3R7vAzjkuG', '', 1, 'seller', 'Seller', 'Sylhet', '123456', 1, 0, NULL, NULL, NULL, NULL, NULL, '::1', '2019-01-05 17:44:14', '2017-05-05 05:24:51', '2019-02-05 06:27:48'),
(19, 'demo_user', '$2a$08$.WllJN10vRH/2KrVzzb5/eBtY1QeUkX7DInLPk155PW.bIEg4gsw6                             [ $2a$08$PySCfHsGFmrZhwMfOc083e56OYhC7jrmThtbPOXl0z//gxBm9rfku ]', '123456', 1, 'customer', 'demo user', '', '12345678945', 1, 0, NULL, NULL, NULL, NULL, NULL, '::1', '2019-03-18 16:47:21', '0000-00-00 00:00:00', '2019-08-19 10:47:45'),
(20, 'demo_demo', '$2a$08$7lW4OgQeMK7oTtjSy4Y6E.bXUKJXqyNuCH.04gL0xRF9S6ADCWe06', '123456', 1, 'superadmin', 'Admin1', 'ad', '1234', 1, 0, NULL, NULL, NULL, NULL, NULL, '::1', '2019-03-19 10:59:08', '2019-03-19 10:58:16', '2019-07-27 05:54:20');

-- --------------------------------------------------------

--
-- Table structure for table `user_autologin`
--

CREATE TABLE `user_autologin` (
  `key_id` char(32) COLLATE utf8_bin NOT NULL,
  `user_id` int(11) NOT NULL DEFAULT '0',
  `user_agent` varchar(150) COLLATE utf8_bin NOT NULL,
  `last_ip` varchar(40) COLLATE utf8_bin NOT NULL,
  `last_login` timestamp NOT NULL DEFAULT CURRENT_TIMESTAMP ON UPDATE CURRENT_TIMESTAMP
) ENGINE=InnoDB DEFAULT CHARSET=utf8 COLLATE=utf8_bin;

-- --------------------------------------------------------

--
-- Table structure for table `user_profiles`
--

CREATE TABLE `user_profiles` (
  `id` int(11) NOT NULL,
  `user_id` int(11) NOT NULL,
  `country` varchar(250) COLLATE utf8_bin DEFAULT NULL,
  `website` varchar(255) COLLATE utf8_bin DEFAULT NULL
) ENGINE=InnoDB DEFAULT CHARSET=utf8 COLLATE=utf8_bin;

-- --------------------------------------------------------

--
-- Table structure for table `warranty_product_list`
--

CREATE TABLE `warranty_product_list` (
  `ip_id` int(11) NOT NULL,
  `sl_no` int(30) DEFAULT NULL,
  `product_id` int(11) NOT NULL,
  `purchase_receipt_id` int(11) DEFAULT NULL,
  `status` int(1) DEFAULT '0',
  `purchase_date` date NOT NULL,
  `purchase_price` float NOT NULL,
  `sale_price` float DEFAULT NULL,
  `sale_date` date DEFAULT NULL,
  `warranty_period` int(3) DEFAULT NULL,
  `creator` int(8) NOT NULL,
  `engineno` varchar(25) NOT NULL,
  `batteryno` varchar(25) NOT NULL,
  `color` varchar(20) CHARACTER SET utf8 NOT NULL,
  `chassisno` varchar(255) NOT NULL,
  `doc` timestamp NOT NULL DEFAULT '0000-00-00 00:00:00' ON UPDATE CURRENT_TIMESTAMP,
  `dom` timestamp NOT NULL DEFAULT CURRENT_TIMESTAMP
) ENGINE=InnoDB DEFAULT CHARSET=latin1;

--
-- Dumping data for table `warranty_product_list`
--

INSERT INTO `warranty_product_list` (`ip_id`, `sl_no`, `product_id`, `purchase_receipt_id`, `status`, `purchase_date`, `purchase_price`, `sale_price`, `sale_date`, `warranty_period`, `creator`, `engineno`, `batteryno`, `color`, `chassisno`, `doc`, `dom`) VALUES
(1, NULL, 12, 1, 1, '2019-09-08', 7966, NULL, NULL, NULL, 12, '89497', '1234', 'কালো', '03245', '2019-09-08 12:02:07', '2019-09-08 12:00:54'),
(2, NULL, 12, 1, 1, '2019-09-08', 19113, NULL, NULL, NULL, 12, '89487', '1234', 'নীল', '03235', '2019-09-08 12:09:10', '2019-09-08 12:06:46'),
(3, NULL, 9, 1, 1, '2019-09-09', 6775, NULL, NULL, NULL, 12, '73847', '1234', 'লাল', '93645', '2019-09-09 04:44:00', '2019-09-09 04:41:37'),
(4, NULL, 9, 1, 1, '2019-09-09', 29995, NULL, NULL, NULL, 12, '89497 - 45526', '1234', 'লাল', '03245 - 85680', '2019-09-09 04:55:52', '2019-09-09 04:49:23'),
(5, NULL, 8, 1, 1, '2019-09-09', 45864, NULL, NULL, NULL, 12, '91080', '1234', 'লাল', '92694', '2019-09-09 05:07:08', '2019-09-09 05:04:10'),
(6, NULL, 9, 1, 1, '2019-09-09', 23425, NULL, NULL, NULL, 12, '76613', '1234', 'গ্রে', '93496', '2019-09-09 05:15:39', '2019-09-09 05:13:08'),
(7, NULL, 9, 2, 1, '2019-09-09', 2788, NULL, NULL, NULL, 12, '44087', '1234', 'লাল', '12222', '2019-09-09 05:24:25', '2019-09-09 05:21:52'),
(8, NULL, 9, 2, 1, '2019-09-09', 7288, NULL, NULL, NULL, 12, '44123', '1234', 'লাল', '12257', '2019-09-09 05:33:59', '2019-09-09 05:31:37'),
(9, NULL, 9, 2, 1, '2019-09-09', 11838, NULL, NULL, NULL, 12, '54379', '1234', 'লাল', '02856', '2019-09-09 05:38:07', '2019-09-09 05:36:16'),
(10, NULL, 8, 2, 1, '2019-09-09', 1913, NULL, NULL, NULL, 12, '05555', '1234', 'লাল', '02155', '2019-09-09 05:46:20', '2019-09-09 05:44:18'),
(11, NULL, 9, 2, 1, '2019-09-09', 6913, NULL, NULL, NULL, 12, '97394', '1234', 'লাল', '02016', '2019-09-09 05:50:32', '2019-09-09 05:48:20'),
(12, NULL, 4, 3, 1, '2019-09-09', 5500, NULL, NULL, NULL, 12, '00001', '1234', 'কালো', '00002', '2019-09-09 06:10:29', '2019-09-09 06:08:21'),
(13, NULL, 8, 3, 1, '2019-09-09', 1505, NULL, NULL, NULL, 12, '50180', '1234', 'লাল', '99312', '2019-09-09 06:15:44', '2019-09-09 06:14:03'),
(14, NULL, 12, 3, 1, '2019-09-09', 2322, NULL, NULL, NULL, 12, '79569', '1234', 'লাল', '32076', '2019-09-09 06:19:50', '2019-09-09 06:18:14'),
(15, NULL, 4, 4, 1, '2019-09-09', 10000, NULL, NULL, NULL, 12, '00003', '1234', 'কালো', '00004', '2019-09-09 07:15:16', '2019-09-09 06:34:51'),
(16, NULL, 9, 4, 1, '2019-09-09', 2505, NULL, NULL, NULL, 12, '00005', '1234', 'কালো', '00006', '2019-09-09 07:21:56', '2019-09-09 07:18:55'),
(17, NULL, 4, 4, 1, '2019-09-09', 5000, NULL, NULL, NULL, 12, '00007', '1234', 'কালো', '00008', '2019-09-09 08:25:19', '2019-09-09 08:19:59'),
(19, NULL, 8, 4, 1, '2019-09-09', 3195, NULL, NULL, NULL, 12, '00011', '1234', 'কালো', '00012', '2019-09-09 08:43:29', '2019-09-09 08:39:48'),
(20, NULL, 8, 4, 1, '2019-09-09', 2670, NULL, NULL, NULL, 12, '00013', '1234', 'কালো', '00014', '2019-09-09 08:59:47', '2019-09-09 08:50:07'),
(21, NULL, 9, 4, 1, '2019-09-09', 2000, NULL, NULL, NULL, 12, '00015', '1234', 'কালো', '00016', '2019-09-09 09:08:06', '2019-09-09 09:04:04'),
(22, NULL, 9, 4, 1, '2019-09-09', 3270, NULL, NULL, NULL, 12, '00017', '1234', 'কালো ', '00018', '2019-09-09 09:25:08', '2019-09-09 09:13:19'),
(25, NULL, 8, 4, 1, '2019-09-09', 5000, NULL, NULL, NULL, 12, '00023', '1234', 'লাল', '00024', '2019-09-09 10:53:42', '2019-09-09 10:49:49'),
(28, NULL, 9, 5, 1, '2019-09-09', 33885, NULL, NULL, NULL, 12, '00029', '1234', 'লাল', '00030', '2019-09-09 11:32:42', '2019-09-09 11:29:31'),
(29, NULL, 9, 5, 1, '2019-09-09', 1078, NULL, NULL, NULL, 12, '00031', '1234', 'লাল', '00032', '2019-09-09 11:38:26', '2019-09-09 11:36:17'),
(30, NULL, 8, 5, 1, '2019-09-09', 1000, NULL, NULL, NULL, 12, '00033', '1234', 'লাল', '00034', '2019-09-09 13:12:58', '2019-09-09 13:11:02'),
(31, NULL, 8, 5, 1, '2019-09-09', 7632, NULL, NULL, NULL, 12, '00035', '1234', 'লাল', '00036', '2019-09-09 13:24:00', '2019-09-09 13:14:55'),
(32, NULL, 8, 5, 1, '2019-09-09', 6122, NULL, NULL, NULL, 12, '00037', '1234', 'লাল', '00038', '2019-09-09 13:34:57', '2019-09-09 13:31:13'),
(33, NULL, 8, 5, 1, '2019-09-09', 11977, NULL, NULL, NULL, 12, '00039', '1234', 'লাল', '00040', '2019-09-09 13:40:52', '2019-09-09 13:38:05'),
(34, NULL, 8, 6, 1, '2019-09-09', 3070, NULL, NULL, NULL, 12, '00354', '1234', 'লাল', '52208', '2019-09-09 14:04:13', '2019-09-09 14:01:40'),
(35, NULL, 8, 6, 1, '2019-09-09', 3448, NULL, NULL, NULL, 12, '44778', '1234', 'কালো/লাল', '33048', '2019-09-09 14:12:02', '2019-09-09 14:08:12'),
(36, NULL, 8, 6, 1, '2019-09-09', 11519, NULL, NULL, NULL, 12, '38553', '1234', 'কালো/লাল', '40056', '2019-09-09 14:22:55', '2019-09-09 14:15:32'),
(37, NULL, 8, 6, 1, '2019-09-09', 26071, NULL, NULL, NULL, 12, '38529', '1234', 'কালো/লাল', '40060', '2019-09-09 14:29:09', '2019-09-09 14:26:17'),
(38, NULL, 8, 6, 1, '2019-09-09', 5796, NULL, NULL, NULL, 12, '38593', '1234', 'লাল', '40175', '2019-09-09 14:33:01', '2019-09-09 14:31:08'),
(39, NULL, 8, 6, 1, '2019-09-09', 27784, NULL, NULL, NULL, 12, '38588', '1234', 'নীল', '40104', '2019-09-09 14:37:58', '2019-09-09 14:36:07'),
(40, NULL, 8, 7, 1, '2019-09-10', 8850, NULL, NULL, NULL, 12, '48816', '1234', 'লাল', '32963', '2019-09-10 07:35:36', '2019-09-10 07:30:23'),
(41, NULL, 8, 7, 1, '2019-09-10', 9935, NULL, NULL, NULL, 12, '38358', '1234', 'লাল', '40169', '2019-09-10 07:40:12', '2019-09-10 07:37:42'),
(42, NULL, 8, 7, 1, '2019-09-10', 16742, NULL, NULL, NULL, 12, '39092', '1234', 'নীল', '40372', '2019-09-10 07:43:30', '2019-09-10 07:41:36'),
(43, NULL, 8, 7, 1, '2019-09-10', 4360, NULL, NULL, NULL, 12, '38456', '1234', 'নীল', '40169', '2019-09-10 07:48:26', '2019-09-10 07:47:00'),
(44, NULL, 7, 7, 1, '2019-09-10', 2500, NULL, NULL, NULL, 12, '14761', '1234', 'কালো/নীল', '94216', '2019-09-10 07:52:06', '2019-09-10 07:50:32'),
(45, NULL, 8, 7, 1, '2019-09-10', 6247, NULL, NULL, NULL, 12, '56335', '1234', 'লাল', '59312', '2019-09-10 07:54:55', '2019-09-10 07:53:24'),
(46, NULL, 8, 7, 1, '2019-09-10', 8110, NULL, NULL, NULL, 12, '02714', '1234', 'নীল', '46287', '2019-09-10 08:01:45', '2019-09-10 07:58:42'),
(47, NULL, 8, 7, 1, '2019-09-10', 17885, NULL, NULL, NULL, 12, '01706', '1234', 'লাল', '38233', '2019-09-10 08:32:00', '2019-09-10 08:29:52'),
(48, NULL, 4, 7, 1, '2019-09-10', 14288, NULL, NULL, NULL, 12, '56251', '1234', 'লাল', '87404', '2019-09-10 08:38:02', '2019-09-10 08:35:37'),
(50, NULL, 8, 7, 1, '2019-09-10', 1590, NULL, NULL, NULL, 12, '05861', '1234', 'কালো', '57608', '2019-09-10 08:53:40', '2019-09-10 08:51:53'),
(51, NULL, 8, 7, 1, '2019-09-10', 4000, NULL, NULL, NULL, 12, '02507', '1234', 'কালো', '46229', '2019-09-10 08:57:51', '2019-09-10 08:56:15'),
(52, NULL, 8, 7, 1, '2019-09-10', 34340, NULL, NULL, NULL, 12, '02936', '1234', 'লাল', '58410', '2019-09-10 09:01:39', '2019-09-10 08:59:13'),
(53, NULL, 8, 7, 1, '2019-09-10', 2000, NULL, NULL, NULL, 12, '02025', '1234', 'নীল', '38451', '2019-09-10 09:05:13', '2019-09-10 09:03:28'),
(54, NULL, 8, 7, 1, '2019-09-10', 8728, NULL, NULL, NULL, 12, '35668', '1234', 'লাল', '60474', '2019-09-10 09:08:15', '2019-09-10 09:06:41'),
(55, NULL, 8, 7, 1, '2019-09-10', 17603, NULL, NULL, NULL, 12, '58074', '1234', 'কালো', '37756', '2019-09-10 09:16:37', '2019-09-10 09:10:43'),
(56, NULL, 8, 7, 1, '2019-09-10', 2890, NULL, NULL, NULL, 12, '06838', '1234', 'কালো', '64294', '2019-09-10 09:23:24', '2019-09-10 09:21:20'),
(57, NULL, 8, 8, 1, '2019-09-11', 4900, NULL, NULL, NULL, 12, '07101', '1234', 'কালো', '65658', '2019-09-11 07:31:58', '2019-09-11 07:18:59'),
(58, NULL, 4, 8, 1, '2019-09-11', 92000, NULL, NULL, NULL, 12, '32930', '1234', 'এবোনি/বস্নেক', '93398', '2019-09-11 07:48:41', '2019-09-11 07:45:13'),
(59, NULL, 8, 8, 1, '2019-09-11', 39838, NULL, NULL, NULL, 12, '28912', '1234', 'লাল', '64856', '2019-09-11 07:52:09', '2019-09-11 07:50:36'),
(60, NULL, 8, 8, 1, '2019-09-11', 70238, NULL, NULL, NULL, 12, '28869', '1234', 'নীল', '64831', '2019-09-11 11:07:54', '2019-09-11 11:05:19'),
(61, NULL, 13, 8, 1, '2019-09-11', 41500, NULL, NULL, NULL, 12, '99376', '1234', 'এবোনি/বস্নেক', '11774', '2019-09-11 11:36:09', '2019-09-11 11:34:01'),
(62, NULL, 8, 8, 1, '2019-09-11', 67000, NULL, NULL, NULL, 12, '58759', '1234', 'নীল', '96366', '2019-09-11 11:43:30', '2019-09-11 11:40:39'),
(63, NULL, 8, 8, 1, '2019-09-12', 14960, NULL, NULL, NULL, 12, '49881', '1234', 'কালো', '65412', '2019-09-12 04:02:52', '2019-09-12 04:00:51'),
(64, NULL, 8, 8, 1, '2019-09-12', 38040, NULL, NULL, NULL, 12, '11594', '1234', 'কালো', '71249', '2019-09-12 04:05:58', '2019-09-12 04:04:24'),
(65, NULL, 14, 8, 1, '2019-09-12', 7000, NULL, NULL, NULL, 12, '37727', '1234', 'লাল', '88284', '2019-09-19 11:42:30', '2019-09-12 04:10:26'),
(66, NULL, 14, 8, 1, '2019-09-12', 23230, NULL, NULL, NULL, 12, '37339', '1234', 'লাল', '88257', '2019-09-12 04:15:28', '2019-09-12 04:13:11'),
(67, NULL, 8, 8, 1, '2019-09-12', 1500, NULL, NULL, NULL, 12, '40217', '1234', 'লাল', '54315', '2019-09-12 04:23:48', '2019-09-12 04:20:48'),
(68, NULL, 8, 8, 1, '2019-09-12', 5000, NULL, NULL, NULL, 12, '39557', '1234', 'লাল', '54276', '2019-09-12 06:39:32', '2019-09-12 06:38:22'),
(69, NULL, 8, 8, 1, '2019-09-12', 1000, NULL, NULL, NULL, 12, '55107', '1234', 'লাল', '57340', '2019-09-12 06:44:09', '2019-09-12 06:42:21'),
(70, NULL, 15, 8, 1, '2019-09-12', 129500, NULL, NULL, NULL, 12, '42305', '1234', 'নীল', '94019', '2019-09-12 06:52:01', '2019-09-12 06:50:20'),
(71, NULL, 8, 9, 1, '2019-09-12', 10000, NULL, NULL, NULL, 12, '11125', '1234', 'কালো', '52326', '2019-09-12 07:39:02', '2019-09-12 07:37:16'),
(72, NULL, 16, 9, 1, '2019-09-12', 4575, NULL, NULL, NULL, 12, '31541', '1234', 'লাল', '62562', '2019-09-12 08:08:59', '2019-09-12 08:07:39'),
(73, NULL, 4, 9, 1, '2019-09-12', 132500, NULL, NULL, NULL, 12, '29347', '1234', 'এবোনী/বেস্নক', '96068', '2019-09-12 08:15:31', '2019-09-12 08:13:31'),
(74, NULL, 4, 9, 1, '2019-09-12', 52500, NULL, NULL, NULL, 12, '0884', '1234', 'এবোনী/বেস্নক', '94728', '2019-09-12 08:20:00', '2019-09-12 08:18:15'),
(75, NULL, 8, 9, 1, '2019-09-12', 21831, NULL, NULL, NULL, 12, '10582', '1234', 'কালো', '52227', '2019-09-12 08:23:36', '2019-09-12 08:21:44'),
(76, NULL, 8, 9, 1, '2019-09-12', 2358, NULL, NULL, NULL, 12, '23315', '1234', 'নীল', '57337', '2019-09-12 08:28:02', '2019-09-12 08:25:38'),
(77, NULL, 8, 9, 1, '2019-09-12', 3635, NULL, NULL, NULL, 12, '10452', '1234', 'কালো', '52217', '2019-09-12 08:37:18', '2019-09-12 08:35:59'),
(78, NULL, 15, 9, 1, '2019-09-12', 5500, NULL, NULL, NULL, 12, '85104', '1234', 'কালো/নীল', '92746', '2019-09-12 08:40:25', '2019-09-12 08:39:02'),
(79, NULL, 17, 9, 1, '2019-09-12', 3424, NULL, NULL, NULL, 12, '25818', '1234', 'কালো', '57698', '2019-09-12 08:49:12', '2019-09-12 08:46:05'),
(80, NULL, 15, 9, 1, '2019-09-12', 5000, NULL, NULL, NULL, 12, '74657', '1234', 'বেস্নক/রেড', '93937', '2019-09-12 08:54:02', '2019-09-12 08:51:10'),
(81, NULL, 18, 9, 1, '2019-09-12', 2500, NULL, NULL, NULL, 12, '77508', '1234', 'বেস্নক/রেড', '96912', '2019-09-12 09:08:30', '2019-09-12 09:07:03'),
(82, NULL, 4, 9, 1, '2019-09-12', 17500, NULL, NULL, NULL, 12, '30728', '1234', 'কালো', '86023', '2019-09-12 09:54:50', '2019-09-12 09:53:15'),
(83, NULL, 17, 9, 1, '2019-09-12', 8570, NULL, NULL, NULL, 12, '38276', '1234', 'কালো', '87972', '2019-09-12 09:57:18', '2019-09-12 09:56:08'),
(84, NULL, 17, 9, 1, '2019-09-12', 7280, NULL, NULL, NULL, 12, '25792', '1234', 'নীল', '57716', '2019-09-12 09:59:44', '2019-09-12 09:58:38'),
(85, NULL, 17, 9, 1, '2019-09-12', 4335, NULL, NULL, NULL, 12, '40805', '1234', 'কালো', '88258', '2019-09-12 10:02:12', '2019-09-12 10:01:07'),
(86, NULL, 17, 9, 1, '2019-09-12', 2300, NULL, NULL, NULL, 12, '40887', '1234', 'লাল', '88269', '2019-09-12 10:04:50', '2019-09-12 10:03:28'),
(87, NULL, 17, 9, 1, '2019-09-12', 10250, NULL, NULL, NULL, 12, '50177', '1234', 'লাল', '90823', '2019-09-12 10:07:48', '2019-09-12 10:06:47'),
(88, NULL, 17, 9, 1, '2019-09-12', 26000, NULL, NULL, NULL, 12, '40793', '1234', 'লাল', '88300', '2019-09-12 10:12:39', '2019-09-12 10:11:17'),
(89, NULL, 17, 9, 1, '2019-09-12', 60080, NULL, NULL, NULL, 12, '50244', '1234', 'লাল', '90821', '2019-09-12 10:15:03', '2019-09-12 10:13:51'),
(90, NULL, 4, 9, 1, '2019-09-12', 2500, NULL, NULL, NULL, 12, '32222', '1234', 'এবোনী/বেস্নক', '86535', '2019-09-12 10:19:36', '2019-09-12 10:17:45'),
(91, NULL, 17, 9, 1, '2019-09-14', 3575, NULL, NULL, NULL, 12, '46065', '1234', 'লাল', '88323', '2019-09-14 05:20:12', '2019-09-14 05:18:32'),
(92, NULL, 17, 9, 1, '2019-09-14', 4000, NULL, NULL, NULL, 12, '44685', '1234', 'নীল', '85007', '2019-09-14 05:23:32', '2019-09-14 05:21:52'),
(93, NULL, 6, 9, 1, '2019-09-14', 3500, NULL, NULL, NULL, 12, '97484', '1234', 'কালো/নীল', '86910', '2019-09-14 05:26:26', '2019-09-14 05:24:55'),
(94, NULL, 4, 9, 1, '2019-09-14', 18650, NULL, NULL, NULL, 12, '32251', '1234', 'এবোনী/বেস্নক', '86506', '2019-09-14 05:32:43', '2019-09-14 05:31:09'),
(95, NULL, 9, 9, 1, '2019-09-14', 5000, NULL, NULL, NULL, 12, '51500', '1234', 'লাল', '67820', '2019-09-14 05:48:28', '2019-09-14 05:46:35'),
(96, NULL, 17, 9, 1, '2019-09-14', 5000, NULL, NULL, NULL, 12, '25572', '1234', 'লাল', '90859', '2019-09-14 05:50:56', '2019-09-14 05:49:45'),
(97, NULL, 17, 9, 1, '2019-09-14', 3000, NULL, NULL, NULL, 12, '09792', '1234', 'কালো', '87701', '2019-09-14 05:53:26', '2019-09-14 05:52:01'),
(98, NULL, 16, 9, 1, '2019-09-14', 5538, NULL, NULL, NULL, 12, '32822', '1234', 'লাল', '86573', '2019-09-14 06:04:14', '2019-09-14 05:54:34'),
(99, NULL, 17, 9, 1, '2019-09-14', 11113, NULL, NULL, NULL, 12, '09865', '1234', 'কালো', '87706', '2019-09-14 06:06:44', '2019-09-14 06:05:29'),
(100, NULL, 17, 9, 1, '2019-09-14', 11313, NULL, NULL, NULL, 12, '09813', '1234', 'লাল', '87734', '2019-09-14 06:28:40', '2019-09-14 06:07:49'),
(101, NULL, 15, 9, 1, '2019-09-14', 3000, NULL, NULL, NULL, 12, '97430', '1234', 'কালো/নীল', '89563', '2019-09-14 06:31:30', '2019-09-14 06:30:06'),
(102, NULL, 17, 9, 1, '2019-09-14', 10535, NULL, NULL, NULL, 12, '09881', '1234', 'নীল', '87686', '2019-09-14 06:39:07', '2019-09-14 06:37:43'),
(103, NULL, 17, 9, 1, '2019-09-14', 9500, NULL, NULL, NULL, 12, '09814', '1234', 'লাল', '87754', '2019-09-14 06:43:15', '2019-09-14 06:41:17'),
(104, NULL, 4, 9, 1, '2019-09-14', 11875, NULL, NULL, NULL, 12, '99239', '1234', 'এবোনী/বেস্নক', '91415', '2019-09-14 06:46:42', '2019-09-14 06:44:57'),
(105, NULL, 17, 9, 1, '2019-09-14', 5163, NULL, NULL, NULL, 12, '08612', '1234', 'কালো', '87828', '2019-09-14 07:09:22', '2019-09-14 06:59:45'),
(106, NULL, 16, 9, 1, '2019-09-14', 18563, NULL, NULL, NULL, 12, '33406', '1234', 'লাল', '89999', '2019-09-14 07:17:56', '2019-09-14 07:14:18'),
(107, NULL, 17, 9, 1, '2019-09-14', 54713, NULL, NULL, NULL, 12, '47204', '1234', 'লাল', '85622', '2019-09-14 07:20:54', '2019-09-14 07:19:47'),
(108, NULL, 16, 9, 1, '2019-09-14', 22063, NULL, NULL, NULL, 12, '33079', '1234', 'নীল', '89946', '2019-09-14 07:40:33', '2019-09-14 07:38:56'),
(109, NULL, 17, 9, 1, '2019-09-14', 3500, NULL, NULL, NULL, 12, '05038', '1234', 'কালো', '86963', '2019-09-14 07:43:45', '2019-09-14 07:42:16'),
(110, NULL, 17, 9, 1, '2019-09-14', 3500, NULL, NULL, NULL, 12, '04982', '1234', 'কালো', '86943', '2019-09-14 07:47:20', '2019-09-14 07:45:19'),
(111, NULL, 17, 9, 1, '2019-09-14', 11000, NULL, NULL, NULL, 12, '47718', '1234', 'লাল', '85587', '2019-09-14 07:53:29', '2019-09-14 07:49:24'),
(112, NULL, 17, 9, 1, '2019-09-14', 5000, NULL, NULL, NULL, 12, '10645', '1234', 'লাল', '87922', '2019-09-14 07:56:12', '2019-09-14 07:54:48'),
(114, NULL, 19, 4, 1, '2019-09-19', 15587, NULL, NULL, NULL, 12, '00043', '1234', 'লাল', '00044', '2019-09-19 08:26:30', '2019-09-19 08:23:24'),
(115, NULL, 20, 4, 1, '2019-09-19', 15040, NULL, NULL, NULL, 12, '00045', '1234', 'কালো', '00046', '2019-09-19 08:33:45', '2019-09-19 08:30:06'),
(116, NULL, 17, 10, 1, '2019-09-20', 13100, NULL, NULL, NULL, 12, '47209', '1234', 'লাল', '85638', '2019-09-20 05:33:03', '2019-09-20 05:30:18'),
(117, NULL, 15, 10, 1, '2019-09-20', 6500, NULL, NULL, NULL, 12, '20363', '1234', 'লাল', '87236', '2019-09-20 05:39:05', '2019-09-20 05:37:11'),
(118, NULL, 16, 10, 1, '2019-09-20', 4440, NULL, NULL, NULL, 12, '30114', '1234', 'লাল', '89492', '2019-09-20 05:42:37', '2019-09-20 05:41:03'),
(119, NULL, 17, 10, 1, '2019-09-20', 0, NULL, NULL, NULL, 12, '0500', '1234', 'লাল', '86991', '2019-09-20 05:55:17', '2019-09-20 05:54:02'),
(120, NULL, 17, 10, 1, '2019-09-20', 3050, NULL, NULL, NULL, 12, '45228', '1234', 'লাল', '85179', '2019-09-20 05:58:18', '2019-09-20 05:57:02'),
(121, NULL, 1, 10, 1, '2019-09-20', 29500, NULL, NULL, NULL, 12, '29964', '1234', 'গ্রে', '88892', '2019-09-20 06:01:29', '2019-09-20 06:00:14'),
(122, NULL, 17, 10, 1, '2019-09-20', 5200, NULL, NULL, NULL, 12, '06041', '1234', 'লাল', '67103', '2019-09-20 06:05:28', '2019-09-20 06:02:53'),
(123, NULL, 17, 10, 1, '2019-09-20', 2000, NULL, NULL, NULL, 12, '06015', '1234', 'নীল', '87056', '2019-09-20 06:08:36', '2019-09-20 06:07:14'),
(124, NULL, 16, 10, 1, '2019-09-20', 4000, NULL, NULL, NULL, 12, '29143', '1234', 'কালো', '93094', '2019-09-20 06:15:03', '2019-09-20 06:10:12'),
(125, NULL, 17, 10, 1, '2019-09-20', 4000, NULL, NULL, NULL, 12, '06078', '1234', 'লাল', '87151', '2019-09-20 06:21:42', '2019-09-20 06:17:10'),
(126, NULL, 17, 10, 1, '2019-09-20', 4200, NULL, NULL, NULL, 12, '06088', '1234', 'লাল', '87153', '2019-09-20 06:25:01', '2019-09-20 06:23:19'),
(127, NULL, 17, 10, 1, '2019-09-20', 500, NULL, NULL, NULL, 12, '09840', '1234', 'লাল', '87763', '2019-09-20 06:27:59', '2019-09-20 06:26:49'),
(128, NULL, 17, 10, 1, '2019-09-20', 0, NULL, NULL, NULL, 12, '06081', '1234', 'লাল', '87163', '2019-09-20 06:33:17', '2019-09-20 06:31:47'),
(129, NULL, 17, 10, 1, '2019-09-20', 500, NULL, NULL, NULL, 12, '12437', '1234', 'লাল', '88105', '2019-09-20 06:35:45', '2019-09-20 06:34:51'),
(130, NULL, 17, 10, 1, '2019-09-20', 4275, NULL, NULL, NULL, 12, '12392', '1234', 'লাল', '88158', '2019-09-20 06:38:46', '2019-09-20 06:37:31'),
(131, NULL, 17, 10, 1, '2019-09-20', 300, NULL, NULL, NULL, 12, '06051', '1234', 'লাল', '87109', '2019-09-20 06:41:30', '2019-09-20 06:40:16'),
(132, NULL, 7, 10, 1, '2019-09-20', 21000, NULL, NULL, NULL, 12, '22459', '1234', 'কালো', '89354', '2019-09-20 06:44:36', '2019-09-20 06:43:29'),
(133, NULL, 17, 10, 1, '2019-09-20', 4025, NULL, NULL, NULL, 12, '75123', '1234', 'কালো', '95042', '2019-09-20 06:49:24', '2019-09-20 06:48:02'),
(134, NULL, 16, 10, 1, '2019-09-20', 2125, NULL, NULL, NULL, 12, '05444', '1234', 'কালো', '96816', '2019-09-20 06:52:21', '2019-09-20 06:51:20'),
(135, NULL, 16, 10, 1, '2019-09-20', 13065, NULL, NULL, NULL, 12, '03393', '1234', 'লাল', '96724', '2019-09-20 06:55:47', '2019-09-20 06:54:53'),
(136, NULL, 17, 10, 1, '2019-09-20', 2000, NULL, NULL, NULL, 12, '36752', '1234', 'লাল', '87908', '2019-09-20 06:59:00', '2019-09-20 06:57:44'),
(137, NULL, 17, 10, 1, '2019-09-20', 45000, NULL, NULL, NULL, 12, '10461', '1234', 'কালো', '52222', '2019-09-20 07:15:15', '2019-09-20 07:14:09'),
(138, NULL, 17, 10, 1, '2019-09-20', 0, NULL, NULL, NULL, 12, '20775', '1234', 'নীল', '88937', '2019-09-20 07:18:19', '2019-09-20 07:17:13'),
(139, NULL, 17, 10, 1, '2019-09-20', 0, NULL, NULL, NULL, 12, '20751', '1234', 'লাল', '89054', '2019-09-20 07:21:16', '2019-09-20 07:19:51'),
(140, NULL, 17, 10, 1, '2019-09-20', 0, NULL, NULL, NULL, 12, '21592', '1234', 'লাল', '89120', '2019-09-20 07:24:32', '2019-09-20 07:23:09'),
(141, NULL, 16, 10, 1, '2019-09-20', 500, NULL, NULL, NULL, 12, '51575', '1234', 'লাল', '85258', '2019-09-20 07:28:19', '2019-09-20 07:27:00'),
(142, NULL, 16, 10, 1, '2019-09-20', 1500, NULL, NULL, NULL, 12, '52800', '1234', 'লাল', '85640', '2019-09-20 07:31:26', '2019-09-20 07:30:00'),
(143, NULL, 17, 10, 1, '2019-09-20', 5000, NULL, NULL, NULL, 12, '18733', '1234', 'লাল', '88762', '2019-09-20 07:34:19', '2019-09-20 07:32:52'),
(144, NULL, 17, 10, 1, '2019-09-20', 23500, NULL, NULL, NULL, 12, '19705', '1234', 'লাল', '88784', '2019-09-20 07:37:05', '2019-09-20 07:35:45'),
(145, NULL, 17, 10, 1, '2019-09-20', 23500, NULL, NULL, NULL, 12, '19687', '1234', 'লাল', '88773', '2019-09-20 07:39:55', '2019-09-20 07:38:40'),
(146, NULL, 17, 10, 1, '2019-09-20', 1000, NULL, NULL, NULL, 12, '13420', '1234', 'লাল', '88018', '2019-09-20 07:42:39', '2019-09-20 07:41:25'),
(147, NULL, 17, 10, 1, '2019-09-20', 18200, NULL, NULL, NULL, 12, '18055', '1234', 'লাল', '88610', '2019-09-20 07:45:25', '2019-09-20 07:44:20'),
(148, NULL, 17, 10, 1, '2019-09-20', 48000, NULL, NULL, NULL, 12, '11483', '1234', 'লাল', '87998', '2019-09-20 07:48:16', '2019-09-20 07:47:04'),
(149, NULL, 17, 10, 1, '2019-09-20', 800, NULL, NULL, NULL, 12, '13430', '1234', 'লাল', '88019', '2019-09-20 07:50:43', '2019-09-20 07:49:46'),
(150, NULL, 7, 10, 1, '2019-09-20', 500, NULL, NULL, NULL, 12, '41239', '1234', 'কালো', '87793', '2019-09-20 07:53:22', '2019-09-20 07:52:24'),
(151, NULL, 10, 10, 1, '2019-09-20', 0, NULL, NULL, NULL, 12, '31661', '1234', 'লাল', '51428', '2019-09-20 07:57:16', '2019-09-20 07:55:24'),
(152, NULL, 17, 10, 1, '2019-09-20', 5900, NULL, NULL, NULL, 12, '05893', '1234', 'লাল', '50423', '2019-09-20 08:00:13', '2019-09-20 07:58:54'),
(153, NULL, 16, 10, 1, '2019-09-20', 618, NULL, NULL, NULL, 12, '12824', '1234', 'লাল', '01014', '2019-09-20 08:02:51', '2019-09-20 08:01:46'),
(154, NULL, 2, 10, 1, '2019-09-20', 19500, NULL, NULL, NULL, 12, '77189', '1234', 'লাল', '05496', '2019-09-20 09:28:37', '2019-09-20 09:21:32'),
(155, NULL, 9, 10, 1, '2019-09-20', 4998, NULL, NULL, NULL, 12, '02425', '1234', 'নীল', '42346', '2019-09-20 09:40:24', '2019-09-20 09:37:43'),
(156, NULL, 7, 10, 1, '2019-09-20', 39500, NULL, NULL, NULL, 12, '41488', '1234', 'কালো', '88010', '2019-09-20 09:47:46', '2019-09-20 09:46:08'),
(157, NULL, 16, 10, 1, '2019-09-20', 293, NULL, NULL, NULL, 12, '60216', '1234', 'কালো', '87521', '2019-09-20 10:14:25', '2019-09-20 09:49:08'),
(158, NULL, 5, 10, 1, '2019-09-20', 38500, NULL, NULL, NULL, 12, '72838', '1234', 'লাল', '88090', '2019-09-20 10:23:55', '2019-09-20 09:52:30'),
(159, NULL, 7, 10, 1, '2019-09-20', 9500, NULL, NULL, NULL, 12, '47040', '1234', 'কালো', '90608', '2019-09-20 09:57:18', '2019-09-20 09:56:26'),
(162, NULL, 16, 10, 1, '2019-09-26', 9961, 9961, NULL, NULL, 12, '85260', '1234', 'লাল', '90490', '2019-09-26 04:52:52', '2019-09-26 04:49:31'),
(163, NULL, 4, 10, 1, '2019-09-26', 4900, 4900, NULL, NULL, 12, '16567', '1234', 'এবোনী/বেস্নক', '94012', '2019-09-26 05:03:16', '2019-09-26 05:00:41'),
(164, NULL, 16, 10, 1, '2019-09-26', 18961, 18961, NULL, NULL, 12, '61454', '1234', 'লাল', '87673', '2019-09-26 05:06:19', '2019-09-26 05:04:42'),
(165, NULL, 16, 10, 1, '2019-09-26', 8641, 8641, NULL, NULL, 12, '85288', '1234', 'কালো', '90329', '2019-09-26 05:23:45', '2019-09-26 05:22:12'),
(166, NULL, 16, 10, 1, '2019-09-26', 5311, 5311, NULL, NULL, 12, '01910', '1234', 'কালো', '15132', '2019-09-26 05:26:32', '2019-09-26 05:24:44'),
(167, NULL, 16, 10, 1, '2019-09-26', 2899, 2899, NULL, NULL, 12, '40295', '1234', 'কালো', '92258', '2019-09-26 05:31:48', '2019-09-26 05:28:27'),
(168, NULL, 16, 10, 1, '2019-09-26', 28084, 28084, NULL, NULL, 12, '14789', '1234', 'লাল', '01802', '2019-09-26 05:34:22', '2019-09-26 05:33:15'),
(169, NULL, 16, 10, 1, '2019-09-26', 8118, 8118, NULL, NULL, 12, '37389', '1234', 'লাল', '91127', '2019-09-26 05:37:08', '2019-09-26 05:35:42'),
(170, NULL, 11, 10, 0, '2019-09-26', 10640, NULL, NULL, NULL, 12, '56785', '1234', 'লাল', '74355', '0000-00-00 00:00:00', '2019-09-26 05:38:41'),
(171, NULL, 11, 10, 1, '2019-09-26', 10640, 10640, NULL, NULL, 12, '56785', '1234', 'লাল', '74355', '2019-09-26 05:52:31', '2019-09-26 05:38:43'),
(172, NULL, 16, 10, 1, '2019-09-26', 8848, 8848, NULL, NULL, 12, '39396', '1234', 'কালো', '91967', '2019-09-26 06:08:35', '2019-09-26 06:05:58'),
(173, NULL, 16, 10, 1, '2019-09-26', 47900, 47900, NULL, NULL, 12, '33158', '1234', 'কালো', '90084', '2019-09-26 06:32:30', '2019-09-26 06:10:05'),
(174, NULL, 16, 10, 0, '2019-09-26', 33455, 33455, NULL, NULL, 12, '57373', '1234', 'কালো', '93231', '0000-00-00 00:00:00', '2019-09-26 06:35:20'),
(175, NULL, 16, 10, 0, '2019-09-26', 97900, 65677.5, NULL, NULL, 12, '57373', '1234', 'কালো', '93231', '0000-00-00 00:00:00', '2019-09-26 06:40:29'),
(176, NULL, 16, 10, 0, '2019-09-26', 97900, 81788.8, NULL, NULL, 12, '57373', '1234', 'কালো', '93231', '0000-00-00 00:00:00', '2019-09-26 06:45:36'),
(177, NULL, 16, 10, 0, '2019-09-26', 47900, 64844.4, NULL, NULL, 12, '57378', '1234', 'কালো', '83232', '0000-00-00 00:00:00', '2019-09-26 07:39:10'),
(178, NULL, 16, 10, 1, '2019-09-26', 97900, 97900, NULL, NULL, 12, '57373', '1234', 'কালো', '93231', '2019-09-26 08:47:21', '2019-09-26 08:43:02'),
(179, NULL, 16, 10, 1, '2019-09-26', 97900, 97900, NULL, NULL, 12, '93485', '1234', 'কালো', '93262', '2019-09-26 09:02:20', '2019-09-26 08:57:50'),
(180, NULL, 16, 10, 1, '2019-09-26', 97900, 97900, NULL, NULL, 12, '89941', '1234', 'কালো', '92699', '2019-09-26 09:22:21', '2019-09-26 09:18:03'),
(181, NULL, 16, 10, 1, '2019-09-26', 47900, 47900, NULL, NULL, 12, '57378', '1234', 'কালো', '83232', '2019-09-26 10:00:18', '2019-09-26 09:56:37');

-- --------------------------------------------------------

--
-- Table structure for table `warranty_product_sale_details`
--

CREATE TABLE `warranty_product_sale_details` (
  `wpsd_id` int(11) NOT NULL,
  `ip_id` int(11) NOT NULL,
  `product_id` int(11) NOT NULL,
  `sl_no` varchar(20) NOT NULL,
  `invoice_id` int(11) NOT NULL,
  `sale_price` float NOT NULL,
  `sale_date` date NOT NULL,
  `warranty_period` int(11) NOT NULL,
  `doc` date NOT NULL,
  `dom` date NOT NULL
) ENGINE=InnoDB DEFAULT CHARSET=latin1;

--
-- Indexes for dumped tables
--

--
-- Indexes for table `all_installment`
--
ALTER TABLE `all_installment`
  ADD PRIMARY KEY (`all_installment_id`);

--
-- Indexes for table `bank_book`
--
ALTER TABLE `bank_book`
  ADD PRIMARY KEY (`bb_id`);

--
-- Indexes for table `bank_book_info`
--
ALTER TABLE `bank_book_info`
  ADD PRIMARY KEY (`bank_book_id`);

--
-- Indexes for table `bank_card_info`
--
ALTER TABLE `bank_card_info`
  ADD PRIMARY KEY (`card_id`);

--
-- Indexes for table `bank_info`
--
ALTER TABLE `bank_info`
  ADD PRIMARY KEY (`bank_id`);

--
-- Indexes for table `barcode_print`
--
ALTER TABLE `barcode_print`
  ADD PRIMARY KEY (`print_id`);

--
-- Indexes for table `bulk_stock_info`
--
ALTER TABLE `bulk_stock_info`
  ADD PRIMARY KEY (`bulk_id`);

--
-- Indexes for table `cash_book`
--
ALTER TABLE `cash_book`
  ADD PRIMARY KEY (`cb_id`);

--
-- Indexes for table `catagory_info`
--
ALTER TABLE `catagory_info`
  ADD PRIMARY KEY (`catagory_id`);

--
-- Indexes for table `cheque_info`
--
ALTER TABLE `cheque_info`
  ADD PRIMARY KEY (`cheque_id`);

--
-- Indexes for table `cheque_reference_info`
--
ALTER TABLE `cheque_reference_info`
  ADD PRIMARY KEY (`cheque_ref_id`);

--
-- Indexes for table `commison_info`
--
ALTER TABLE `commison_info`
  ADD PRIMARY KEY (`com_id`);

--
-- Indexes for table `company_info`
--
ALTER TABLE `company_info`
  ADD PRIMARY KEY (`company_id`);

--
-- Indexes for table `config`
--
ALTER TABLE `config`
  ADD PRIMARY KEY (`id`);

--
-- Indexes for table `customer_info`
--
ALTER TABLE `customer_info`
  ADD PRIMARY KEY (`customer_id`);

--
-- Indexes for table `daily_statement`
--
ALTER TABLE `daily_statement`
  ADD PRIMARY KEY (`daily_statement_id`);

--
-- Indexes for table `damage_product`
--
ALTER TABLE `damage_product`
  ADD PRIMARY KEY (`damage_id`);

--
-- Indexes for table `data_retrive_checking`
--
ALTER TABLE `data_retrive_checking`
  ADD PRIMARY KEY (`drc_id`);

--
-- Indexes for table `discount_details`
--
ALTER TABLE `discount_details`
  ADD PRIMARY KEY (`discount_details_id`);

--
-- Indexes for table `discount_info`
--
ALTER TABLE `discount_info`
  ADD PRIMARY KEY (`discount_info_id`);

--
-- Indexes for table `dishonour_cheque_book`
--
ALTER TABLE `dishonour_cheque_book`
  ADD PRIMARY KEY (`cheque_book_id`);

--
-- Indexes for table `distributor_info`
--
ALTER TABLE `distributor_info`
  ADD PRIMARY KEY (`distributor_id`);

--
-- Indexes for table `employee_info`
--
ALTER TABLE `employee_info`
  ADD PRIMARY KEY (`employee_id`);

--
-- Indexes for table `employee_salary`
--
ALTER TABLE `employee_salary`
  ADD PRIMARY KEY (`salary_id`);

--
-- Indexes for table `employee_salary_log`
--
ALTER TABLE `employee_salary_log`
  ADD PRIMARY KEY (`salary_log_id`);

--
-- Indexes for table `exchange_return_details_tbl`
--
ALTER TABLE `exchange_return_details_tbl`
  ADD PRIMARY KEY (`id`);

--
-- Indexes for table `exchange_return_tbl`
--
ALTER TABLE `exchange_return_tbl`
  ADD PRIMARY KEY (`exchange_return_id`);

--
-- Indexes for table `expense_info`
--
ALTER TABLE `expense_info`
  ADD PRIMARY KEY (`expense_id`);

--
-- Indexes for table `gift_details`
--
ALTER TABLE `gift_details`
  ADD PRIMARY KEY (`gift_id`);

--
-- Indexes for table `group_info`
--
ALTER TABLE `group_info`
  ADD PRIMARY KEY (`group_id`);

--
-- Indexes for table `image_for_sale_listing`
--
ALTER TABLE `image_for_sale_listing`
  ADD PRIMARY KEY (`ifsl_id`);

--
-- Indexes for table `income_info`
--
ALTER TABLE `income_info`
  ADD PRIMARY KEY (`income_id`);

--
-- Indexes for table `investment_info`
--
ALTER TABLE `investment_info`
  ADD PRIMARY KEY (`investment_id`);

--
-- Indexes for table `investor_info`
--
ALTER TABLE `investor_info`
  ADD PRIMARY KEY (`investor_id`);

--
-- Indexes for table `invoice_info`
--
ALTER TABLE `invoice_info`
  ADD PRIMARY KEY (`invoice_id`);

--
-- Indexes for table `loan_details_info`
--
ALTER TABLE `loan_details_info`
  ADD PRIMARY KEY (`loan_details_id`);

--
-- Indexes for table `loan_person_info`
--
ALTER TABLE `loan_person_info`
  ADD PRIMARY KEY (`lp_id`);

--
-- Indexes for table `loan_seeker_info`
--
ALTER TABLE `loan_seeker_info`
  ADD PRIMARY KEY (`loan_seeker_id`);

--
-- Indexes for table `login_attempts`
--
ALTER TABLE `login_attempts`
  ADD PRIMARY KEY (`id`);

--
-- Indexes for table `owner_book`
--
ALTER TABLE `owner_book`
  ADD PRIMARY KEY (`ob_id`);

--
-- Indexes for table `owner_info`
--
ALTER TABLE `owner_info`
  ADD PRIMARY KEY (`owner_id`);

--
-- Indexes for table `point_info`
--
ALTER TABLE `point_info`
  ADD PRIMARY KEY (`point_id`);

--
-- Indexes for table `product_info`
--
ALTER TABLE `product_info`
  ADD PRIMARY KEY (`product_id`),
  ADD KEY `product_name` (`product_name`);

--
-- Indexes for table `product_position_info`
--
ALTER TABLE `product_position_info`
  ADD PRIMARY KEY (`product_pos_id`);

--
-- Indexes for table `purchase_info`
--
ALTER TABLE `purchase_info`
  ADD PRIMARY KEY (`purchase_id`);

--
-- Indexes for table `purchase_receipt_info`
--
ALTER TABLE `purchase_receipt_info`
  ADD PRIMARY KEY (`receipt_id`);

--
-- Indexes for table `purchase_return_details_tbl`
--
ALTER TABLE `purchase_return_details_tbl`
  ADD PRIMARY KEY (`id`);

--
-- Indexes for table `purchase_return_main_product`
--
ALTER TABLE `purchase_return_main_product`
  ADD PRIMARY KEY (`prmp_id`);

--
-- Indexes for table `purchase_return_receipt_tbl`
--
ALTER TABLE `purchase_return_receipt_tbl`
  ADD PRIMARY KEY (`purchase_return_id`);

--
-- Indexes for table `purchase_return_warranty_product`
--
ALTER TABLE `purchase_return_warranty_product`
  ADD PRIMARY KEY (`prwp_id`);

--
-- Indexes for table `sale_details`
--
ALTER TABLE `sale_details`
  ADD PRIMARY KEY (`sale_details_id`);

--
-- Indexes for table `sale_price_info`
--
ALTER TABLE `sale_price_info`
  ADD PRIMARY KEY (`sp_id`);

--
-- Indexes for table `sale_return_details_tbl`
--
ALTER TABLE `sale_return_details_tbl`
  ADD PRIMARY KEY (`id`);

--
-- Indexes for table `sale_return_list`
--
ALTER TABLE `sale_return_list`
  ADD PRIMARY KEY (`srl_id`);

--
-- Indexes for table `sale_return_main_product`
--
ALTER TABLE `sale_return_main_product`
  ADD PRIMARY KEY (`srmp_id`);

--
-- Indexes for table `sale_return_receipt_tbl`
--
ALTER TABLE `sale_return_receipt_tbl`
  ADD PRIMARY KEY (`sale_return_id`);

--
-- Indexes for table `sale_return_warranty_product`
--
ALTER TABLE `sale_return_warranty_product`
  ADD PRIMARY KEY (`srwp_id`);

--
-- Indexes for table `sale_running_info`
--
ALTER TABLE `sale_running_info`
  ADD PRIMARY KEY (`sale_running_id`);

--
-- Indexes for table `sells_log`
--
ALTER TABLE `sells_log`
  ADD PRIMARY KEY (`id`);

--
-- Indexes for table `service_provider_info`
--
ALTER TABLE `service_provider_info`
  ADD PRIMARY KEY (`service_provider_id`);

--
-- Indexes for table `shop_setup`
--
ALTER TABLE `shop_setup`
  ADD PRIMARY KEY (`shop_id`);

--
-- Indexes for table `stock_info`
--
ALTER TABLE `stock_info`
  ADD PRIMARY KEY (`stock_id`);

--
-- Indexes for table `temp_sale_details`
--
ALTER TABLE `temp_sale_details`
  ADD PRIMARY KEY (`temp_sale_details_id`);

--
-- Indexes for table `temp_sale_info`
--
ALTER TABLE `temp_sale_info`
  ADD PRIMARY KEY (`temp_sale_id`);

--
-- Indexes for table `tmp_cash_sale_return_details_tbl`
--
ALTER TABLE `tmp_cash_sale_return_details_tbl`
  ADD PRIMARY KEY (`id`);

--
-- Indexes for table `tmp_cash_sale_return_tbl`
--
ALTER TABLE `tmp_cash_sale_return_tbl`
  ADD PRIMARY KEY (`tmp_cash_sale_return_id`);

--
-- Indexes for table `tmp_purchase_return_details_tbl`
--
ALTER TABLE `tmp_purchase_return_details_tbl`
  ADD PRIMARY KEY (`id`);

--
-- Indexes for table `tmp_purchase_return_tbl`
--
ALTER TABLE `tmp_purchase_return_tbl`
  ADD PRIMARY KEY (`tmp_purchase_return_id`);

--
-- Indexes for table `tmp_sale_return_details_tbl`
--
ALTER TABLE `tmp_sale_return_details_tbl`
  ADD PRIMARY KEY (`id`);

--
-- Indexes for table `tmp_sale_return_tbl`
--
ALTER TABLE `tmp_sale_return_tbl`
  ADD PRIMARY KEY (`tmp_sale_return_id`);

--
-- Indexes for table `transaction_details`
--
ALTER TABLE `transaction_details`
  ADD PRIMARY KEY (`transaction_id`);

--
-- Indexes for table `transaction_info`
--
ALTER TABLE `transaction_info`
  ADD PRIMARY KEY (`transaction_id`);

--
-- Indexes for table `transaction_receipt_info`
--
ALTER TABLE `transaction_receipt_info`
  ADD PRIMARY KEY (`transaction_receipt_id`);

--
-- Indexes for table `transaction_ref_details`
--
ALTER TABLE `transaction_ref_details`
  ADD PRIMARY KEY (`transaction_ref_details_id`);

--
-- Indexes for table `type_info`
--
ALTER TABLE `type_info`
  ADD PRIMARY KEY (`type_id`);

--
-- Indexes for table `unit_info`
--
ALTER TABLE `unit_info`
  ADD PRIMARY KEY (`unit_id`);

--
-- Indexes for table `users`
--
ALTER TABLE `users`
  ADD PRIMARY KEY (`id`);

--
-- Indexes for table `user_autologin`
--
ALTER TABLE `user_autologin`
  ADD PRIMARY KEY (`key_id`,`user_id`);

--
-- Indexes for table `user_profiles`
--
ALTER TABLE `user_profiles`
  ADD PRIMARY KEY (`id`);

--
-- Indexes for table `warranty_product_list`
--
ALTER TABLE `warranty_product_list`
  ADD PRIMARY KEY (`ip_id`);

--
-- Indexes for table `warranty_product_sale_details`
--
ALTER TABLE `warranty_product_sale_details`
  ADD PRIMARY KEY (`wpsd_id`);

--
-- AUTO_INCREMENT for dumped tables
--

--
-- AUTO_INCREMENT for table `all_installment`
--
ALTER TABLE `all_installment`
  MODIFY `all_installment_id` int(11) NOT NULL AUTO_INCREMENT, AUTO_INCREMENT=200;

--
-- AUTO_INCREMENT for table `bank_book`
--
ALTER TABLE `bank_book`
  MODIFY `bb_id` int(11) NOT NULL AUTO_INCREMENT;

--
-- AUTO_INCREMENT for table `bank_book_info`
--
ALTER TABLE `bank_book_info`
  MODIFY `bank_book_id` int(20) NOT NULL AUTO_INCREMENT;

--
-- AUTO_INCREMENT for table `bank_card_info`
--
ALTER TABLE `bank_card_info`
  MODIFY `card_id` int(11) NOT NULL AUTO_INCREMENT;

--
-- AUTO_INCREMENT for table `bank_info`
--
ALTER TABLE `bank_info`
  MODIFY `bank_id` int(50) NOT NULL AUTO_INCREMENT;

--
-- AUTO_INCREMENT for table `barcode_print`
--
ALTER TABLE `barcode_print`
  MODIFY `print_id` int(11) NOT NULL AUTO_INCREMENT;

--
-- AUTO_INCREMENT for table `bulk_stock_info`
--
ALTER TABLE `bulk_stock_info`
  MODIFY `bulk_id` int(30) NOT NULL AUTO_INCREMENT, AUTO_INCREMENT=20;

--
-- AUTO_INCREMENT for table `cash_book`
--
ALTER TABLE `cash_book`
  MODIFY `cb_id` int(11) NOT NULL AUTO_INCREMENT, AUTO_INCREMENT=15;

--
-- AUTO_INCREMENT for table `catagory_info`
--
ALTER TABLE `catagory_info`
  MODIFY `catagory_id` int(15) NOT NULL AUTO_INCREMENT, AUTO_INCREMENT=5;

--
-- AUTO_INCREMENT for table `cheque_info`
--
ALTER TABLE `cheque_info`
  MODIFY `cheque_id` int(50) NOT NULL AUTO_INCREMENT;

--
-- AUTO_INCREMENT for table `cheque_reference_info`
--
ALTER TABLE `cheque_reference_info`
  MODIFY `cheque_ref_id` int(100) NOT NULL AUTO_INCREMENT;

--
-- AUTO_INCREMENT for table `commison_info`
--
ALTER TABLE `commison_info`
  MODIFY `com_id` int(11) NOT NULL AUTO_INCREMENT;

--
-- AUTO_INCREMENT for table `company_info`
--
ALTER TABLE `company_info`
  MODIFY `company_id` int(15) NOT NULL AUTO_INCREMENT, AUTO_INCREMENT=3;

--
-- AUTO_INCREMENT for table `config`
--
ALTER TABLE `config`
  MODIFY `id` int(11) NOT NULL AUTO_INCREMENT, AUTO_INCREMENT=2;

--
-- AUTO_INCREMENT for table `customer_info`
--
ALTER TABLE `customer_info`
  MODIFY `customer_id` int(100) NOT NULL AUTO_INCREMENT, AUTO_INCREMENT=4701;

--
-- AUTO_INCREMENT for table `daily_statement`
--
ALTER TABLE `daily_statement`
  MODIFY `daily_statement_id` int(11) NOT NULL AUTO_INCREMENT;

--
-- AUTO_INCREMENT for table `damage_product`
--
ALTER TABLE `damage_product`
  MODIFY `damage_id` int(11) NOT NULL AUTO_INCREMENT;

--
-- AUTO_INCREMENT for table `data_retrive_checking`
--
ALTER TABLE `data_retrive_checking`
  MODIFY `drc_id` int(11) NOT NULL AUTO_INCREMENT;

--
-- AUTO_INCREMENT for table `discount_details`
--
ALTER TABLE `discount_details`
  MODIFY `discount_details_id` int(12) NOT NULL AUTO_INCREMENT;

--
-- AUTO_INCREMENT for table `discount_info`
--
ALTER TABLE `discount_info`
  MODIFY `discount_info_id` int(10) NOT NULL AUTO_INCREMENT;

--
-- AUTO_INCREMENT for table `dishonour_cheque_book`
--
ALTER TABLE `dishonour_cheque_book`
  MODIFY `cheque_book_id` int(100) NOT NULL AUTO_INCREMENT;

--
-- AUTO_INCREMENT for table `distributor_info`
--
ALTER TABLE `distributor_info`
  MODIFY `distributor_id` int(100) NOT NULL AUTO_INCREMENT, AUTO_INCREMENT=2;

--
-- AUTO_INCREMENT for table `employee_info`
--
ALTER TABLE `employee_info`
  MODIFY `employee_id` int(100) NOT NULL AUTO_INCREMENT;

--
-- AUTO_INCREMENT for table `employee_salary`
--
ALTER TABLE `employee_salary`
  MODIFY `salary_id` int(6) NOT NULL AUTO_INCREMENT;

--
-- AUTO_INCREMENT for table `employee_salary_log`
--
ALTER TABLE `employee_salary_log`
  MODIFY `salary_log_id` int(6) NOT NULL AUTO_INCREMENT;

--
-- AUTO_INCREMENT for table `exchange_return_details_tbl`
--
ALTER TABLE `exchange_return_details_tbl`
  MODIFY `id` int(5) NOT NULL AUTO_INCREMENT;

--
-- AUTO_INCREMENT for table `exchange_return_tbl`
--
ALTER TABLE `exchange_return_tbl`
  MODIFY `exchange_return_id` int(5) NOT NULL AUTO_INCREMENT;

--
-- AUTO_INCREMENT for table `expense_info`
--
ALTER TABLE `expense_info`
  MODIFY `expense_id` int(100) NOT NULL AUTO_INCREMENT;

--
-- AUTO_INCREMENT for table `gift_details`
--
ALTER TABLE `gift_details`
  MODIFY `gift_id` int(10) NOT NULL AUTO_INCREMENT;

--
-- AUTO_INCREMENT for table `group_info`
--
ALTER TABLE `group_info`
  MODIFY `group_id` int(11) NOT NULL AUTO_INCREMENT;

--
-- AUTO_INCREMENT for table `image_for_sale_listing`
--
ALTER TABLE `image_for_sale_listing`
  MODIFY `ifsl_id` int(11) NOT NULL AUTO_INCREMENT;

--
-- AUTO_INCREMENT for table `income_info`
--
ALTER TABLE `income_info`
  MODIFY `income_id` int(11) NOT NULL AUTO_INCREMENT;

--
-- AUTO_INCREMENT for table `investment_info`
--
ALTER TABLE `investment_info`
  MODIFY `investment_id` int(25) NOT NULL AUTO_INCREMENT;

--
-- AUTO_INCREMENT for table `investor_info`
--
ALTER TABLE `investor_info`
  MODIFY `investor_id` int(25) NOT NULL AUTO_INCREMENT;

--
-- AUTO_INCREMENT for table `invoice_info`
--
ALTER TABLE `invoice_info`
  MODIFY `invoice_id` int(100) NOT NULL AUTO_INCREMENT, AUTO_INCREMENT=176;

--
-- AUTO_INCREMENT for table `loan_details_info`
--
ALTER TABLE `loan_details_info`
  MODIFY `loan_details_id` int(10) NOT NULL AUTO_INCREMENT;

--
-- AUTO_INCREMENT for table `loan_person_info`
--
ALTER TABLE `loan_person_info`
  MODIFY `lp_id` int(100) NOT NULL AUTO_INCREMENT;

--
-- AUTO_INCREMENT for table `loan_seeker_info`
--
ALTER TABLE `loan_seeker_info`
  MODIFY `loan_seeker_id` int(10) NOT NULL AUTO_INCREMENT;

--
-- AUTO_INCREMENT for table `login_attempts`
--
ALTER TABLE `login_attempts`
  MODIFY `id` int(100) NOT NULL AUTO_INCREMENT, AUTO_INCREMENT=9;

--
-- AUTO_INCREMENT for table `owner_book`
--
ALTER TABLE `owner_book`
  MODIFY `ob_id` int(11) NOT NULL AUTO_INCREMENT;

--
-- AUTO_INCREMENT for table `owner_info`
--
ALTER TABLE `owner_info`
  MODIFY `owner_id` int(100) NOT NULL AUTO_INCREMENT;

--
-- AUTO_INCREMENT for table `point_info`
--
ALTER TABLE `point_info`
  MODIFY `point_id` int(11) NOT NULL AUTO_INCREMENT;

--
-- AUTO_INCREMENT for table `product_info`
--
ALTER TABLE `product_info`
  MODIFY `product_id` int(100) NOT NULL AUTO_INCREMENT, AUTO_INCREMENT=21;

--
-- AUTO_INCREMENT for table `product_position_info`
--
ALTER TABLE `product_position_info`
  MODIFY `product_pos_id` int(100) NOT NULL AUTO_INCREMENT;

--
-- AUTO_INCREMENT for table `purchase_info`
--
ALTER TABLE `purchase_info`
  MODIFY `purchase_id` int(100) NOT NULL AUTO_INCREMENT, AUTO_INCREMENT=182;

--
-- AUTO_INCREMENT for table `purchase_receipt_info`
--
ALTER TABLE `purchase_receipt_info`
  MODIFY `receipt_id` int(100) NOT NULL AUTO_INCREMENT, AUTO_INCREMENT=11;

--
-- AUTO_INCREMENT for table `purchase_return_details_tbl`
--
ALTER TABLE `purchase_return_details_tbl`
  MODIFY `id` int(11) NOT NULL AUTO_INCREMENT;

--
-- AUTO_INCREMENT for table `purchase_return_main_product`
--
ALTER TABLE `purchase_return_main_product`
  MODIFY `prmp_id` int(11) NOT NULL AUTO_INCREMENT;

--
-- AUTO_INCREMENT for table `purchase_return_receipt_tbl`
--
ALTER TABLE `purchase_return_receipt_tbl`
  MODIFY `purchase_return_id` int(8) NOT NULL AUTO_INCREMENT;

--
-- AUTO_INCREMENT for table `purchase_return_warranty_product`
--
ALTER TABLE `purchase_return_warranty_product`
  MODIFY `prwp_id` int(11) NOT NULL AUTO_INCREMENT;

--
-- AUTO_INCREMENT for table `sale_details`
--
ALTER TABLE `sale_details`
  MODIFY `sale_details_id` int(100) NOT NULL AUTO_INCREMENT;

--
-- AUTO_INCREMENT for table `sale_price_info`
--
ALTER TABLE `sale_price_info`
  MODIFY `sp_id` int(100) NOT NULL AUTO_INCREMENT;

--
-- AUTO_INCREMENT for table `sale_return_details_tbl`
--
ALTER TABLE `sale_return_details_tbl`
  MODIFY `id` int(11) NOT NULL AUTO_INCREMENT;

--
-- AUTO_INCREMENT for table `sale_return_list`
--
ALTER TABLE `sale_return_list`
  MODIFY `srl_id` int(11) NOT NULL AUTO_INCREMENT;

--
-- AUTO_INCREMENT for table `sale_return_main_product`
--
ALTER TABLE `sale_return_main_product`
  MODIFY `srmp_id` int(11) NOT NULL AUTO_INCREMENT;

--
-- AUTO_INCREMENT for table `sale_return_receipt_tbl`
--
ALTER TABLE `sale_return_receipt_tbl`
  MODIFY `sale_return_id` int(8) NOT NULL AUTO_INCREMENT;

--
-- AUTO_INCREMENT for table `sale_return_warranty_product`
--
ALTER TABLE `sale_return_warranty_product`
  MODIFY `srwp_id` int(11) NOT NULL AUTO_INCREMENT;

--
-- AUTO_INCREMENT for table `sale_running_info`
--
ALTER TABLE `sale_running_info`
  MODIFY `sale_running_id` int(100) NOT NULL AUTO_INCREMENT;

--
-- AUTO_INCREMENT for table `sells_log`
--
ALTER TABLE `sells_log`
  MODIFY `id` int(11) NOT NULL AUTO_INCREMENT, AUTO_INCREMENT=201502993;

--
-- AUTO_INCREMENT for table `service_provider_info`
--
ALTER TABLE `service_provider_info`
  MODIFY `service_provider_id` int(100) NOT NULL AUTO_INCREMENT;

--
-- AUTO_INCREMENT for table `shop_setup`
--
ALTER TABLE `shop_setup`
  MODIFY `shop_id` int(3) NOT NULL AUTO_INCREMENT, AUTO_INCREMENT=2;

--
-- AUTO_INCREMENT for table `stock_info`
--
ALTER TABLE `stock_info`
  MODIFY `stock_id` int(100) NOT NULL AUTO_INCREMENT;

--
-- AUTO_INCREMENT for table `temp_sale_details`
--
ALTER TABLE `temp_sale_details`
  MODIFY `temp_sale_details_id` int(12) NOT NULL AUTO_INCREMENT;

--
-- AUTO_INCREMENT for table `temp_sale_info`
--
ALTER TABLE `temp_sale_info`
  MODIFY `temp_sale_id` int(10) NOT NULL AUTO_INCREMENT;

--
-- AUTO_INCREMENT for table `tmp_cash_sale_return_details_tbl`
--
ALTER TABLE `tmp_cash_sale_return_details_tbl`
  MODIFY `id` int(5) NOT NULL AUTO_INCREMENT;

--
-- AUTO_INCREMENT for table `tmp_cash_sale_return_tbl`
--
ALTER TABLE `tmp_cash_sale_return_tbl`
  MODIFY `tmp_cash_sale_return_id` int(5) NOT NULL AUTO_INCREMENT;

--
-- AUTO_INCREMENT for table `tmp_purchase_return_details_tbl`
--
ALTER TABLE `tmp_purchase_return_details_tbl`
  MODIFY `id` int(5) NOT NULL AUTO_INCREMENT;

--
-- AUTO_INCREMENT for table `tmp_purchase_return_tbl`
--
ALTER TABLE `tmp_purchase_return_tbl`
  MODIFY `tmp_purchase_return_id` int(5) NOT NULL AUTO_INCREMENT;

--
-- AUTO_INCREMENT for table `tmp_sale_return_details_tbl`
--
ALTER TABLE `tmp_sale_return_details_tbl`
  MODIFY `id` int(5) NOT NULL AUTO_INCREMENT;

--
-- AUTO_INCREMENT for table `tmp_sale_return_tbl`
--
ALTER TABLE `tmp_sale_return_tbl`
  MODIFY `tmp_sale_return_id` int(5) NOT NULL AUTO_INCREMENT;

--
-- AUTO_INCREMENT for table `transaction_details`
--
ALTER TABLE `transaction_details`
  MODIFY `transaction_id` int(100) NOT NULL AUTO_INCREMENT;

--
-- AUTO_INCREMENT for table `transaction_info`
--
ALTER TABLE `transaction_info`
  MODIFY `transaction_id` int(11) NOT NULL AUTO_INCREMENT, AUTO_INCREMENT=245;

--
-- AUTO_INCREMENT for table `transaction_receipt_info`
--
ALTER TABLE `transaction_receipt_info`
  MODIFY `transaction_receipt_id` int(10) NOT NULL AUTO_INCREMENT;

--
-- AUTO_INCREMENT for table `transaction_ref_details`
--
ALTER TABLE `transaction_ref_details`
  MODIFY `transaction_ref_details_id` int(100) NOT NULL AUTO_INCREMENT;

--
-- AUTO_INCREMENT for table `type_info`
--
ALTER TABLE `type_info`
  MODIFY `type_id` int(100) NOT NULL AUTO_INCREMENT;

--
-- AUTO_INCREMENT for table `unit_info`
--
ALTER TABLE `unit_info`
  MODIFY `unit_id` int(11) NOT NULL AUTO_INCREMENT, AUTO_INCREMENT=2;

--
-- AUTO_INCREMENT for table `users`
--
ALTER TABLE `users`
  MODIFY `id` int(100) NOT NULL AUTO_INCREMENT, AUTO_INCREMENT=21;

--
-- AUTO_INCREMENT for table `user_profiles`
--
ALTER TABLE `user_profiles`
  MODIFY `id` int(11) NOT NULL AUTO_INCREMENT;

--
-- AUTO_INCREMENT for table `warranty_product_list`
--
ALTER TABLE `warranty_product_list`
  MODIFY `ip_id` int(11) NOT NULL AUTO_INCREMENT, AUTO_INCREMENT=182;

--
-- AUTO_INCREMENT for table `warranty_product_sale_details`
--
ALTER TABLE `warranty_product_sale_details`
  MODIFY `wpsd_id` int(11) NOT NULL AUTO_INCREMENT;
COMMIT;

/*!40101 SET CHARACTER_SET_CLIENT=@OLD_CHARACTER_SET_CLIENT */;
/*!40101 SET CHARACTER_SET_RESULTS=@OLD_CHARACTER_SET_RESULTS */;
/*!40101 SET COLLATION_CONNECTION=@OLD_COLLATION_CONNECTION */;
